Pos,Nr,Athlete,NOC,Time,Year
1,17,Spyros Louis,GRE,2-58:50,1896
2,7,Charilaos Vasilakos,GRE,3-06:03,1896
3,6,Gyula Kellner,HUN,3-06:35,1896
4,14,Ioannis Vrettos,GRE,-,1896
5,15,Eleftherios Papasymeon,GRE,-,1896
6,1,Dimitrios Deligiannis,GRE,-,1896
7,10,Evangelos Gerakakis,GRE,-,1896
8,18,Stamatios Masouris,GRE,-,1896
9,12,Sokratis Lagoudakis,GRE,-,1896
DNF,2,Teddy Flack,AUS,-,1896
DNF,4,Albin Lermusiaux,FRA,-,1896
DNF,13,Georgios Lavrentis,GRE,-,1896
DNF,11,Georgios Grigoriou,GRE,-,1896
DNF,8,Arthur C. Blake,USA,-,1896
DNF,16,Ilias Kafetzis,GRE,-,1896
DNF,5,Dimitrios Christopoulos,GRE,-,1896
DQ,3,Spyridon Belokas,GRE,[3-06:30],1896
DNS,-,Vathis,GRE,-,1896
DNS,-,Vanitakis,GRE,-,1896
DNS,-,Gyula Malcsiner,HUN,-,1896
DNS,-,Carlo Airoldi,ITA,-,1896
DNS,9,Carl Galle,GER,-,1896
DNS,-,Stamata Revithi,GRE,-,1896
DNS,-,Melpomene,GRE,-,1896
1,3,Michel Théato,FRA,2-59:45.0,1900
2,2,Émile Champion,FRA,3-04:17.0,1900
3,14,Ernst Fast,SWE,3-37:14.0,1900
4,6,Eugène Besse,FRA,4-00:43.0,1900
5,4,Arthur Newton,USA,4-04:12.0,1900
6,15,Dick Grant,USA,-,1900
7,16,Ronald MacDonald,USA,-,1900
DNF,1,Georges Touquet-Daunis,FRA,-,1900
DNF,13,Auguste Marchais,FRA,-,1900
DNF,9,Billy Saward,GBR,-,1900
DNF,5,Ion Pool,GBR,-,1900
DNF,11,Fred Randell,GBR,-,1900
DNF,8,Johan Nyström,SWE,-,1900
DNF,10,William Taylor,GBR,-,1900
DNS,12,Martens,FRA,-,1900
DNS,19,Ettore Zilia,ITA,-,1900
DNS,17,Jakub Wolf,HUN,-,1900
DNS,-,John Maguire,GBR,-,1900
DNS,18,Emilio Banfi,ITA,-,1900
DNS,7,John Cregan,USA,-,1900
DNS,-,Alex Grant,USA,-,1900
1,20,Tom Hicks,USA,3-28:53,1904
2,7,Albert Corey,USA,3-34:52,1904
3,12,Arthur Newton,USA,3-47:33,1904
4,3,Félix Carvajal,CUB,-,1904
5,26,Dimitrios Veloulis,GRE,-,1904
6,22,David Kneeland,USA,-,1904
7,17,Henry Brawley,USA,-,1904
8,39,Sidney Hatch,USA,-,1904
9,35,Len Taunyane,RSA,-,1904
10,6,Christos Zechouritis,GRE,-,1904
11,21,Frank Devlin,USA,-,1904
12,36,Jan Mashiani,RSA,-,1904
13,30,John Furla,USA,-,1904
14,28,Andrew Oikonomou,GRE,-,1904
DNF,9,Frank Pierce,USA,-,1904
DNF,10,Sammy Mellor,USA,-,1904
DNF,11,Edward Carr,USA,-,1904
DNF,13,Mike Spring,USA,-,1904
DNF,45,John Lordan,USA,-,1904
DNF,23,William Garcia,USA,-,1904
DNF,19,Bob Fowler,USA,-,1904
DNF,33,Thomas Kennedy,USA,-,1904
DNF,18,Guy Porter,USA,-,1904
DNF,14,John Foy,USA,-,1904
DNF,1,Bertie Harris,RSA,-,1904
DNF,25,Georgios Vamkaitis,GRE,-,1904
DNF,32,Charilaos Giannakas,GRE,-,1904
DNF,34,Georgios Drosos,GRE,-,1904
DNF,37,Georgios Louridas,GRE,-,1904
DNF,38,Ioannis Lougkitsas,GRE,-,1904
DNF,29,Petros Pipilis,GRE,-,1904
DQ,31,Fred Lorz,USA,-,1904
DNS,27,Dimitrios Tsokas,GRE,-,1904
DNS,4,John Kennedy,USA,-,1904
DNS,8,Konstantinos Lontos,USA,-,1904
DNS,5,Louis Crancer,USA,-,1904
DNS,24,William Meyer,USA,-,1904
DNS,2,William Heritage,USA,-,1904
DNS,15,John Daly,GBR,-,1904
DNS,16,Billy Sherring,CAN,-,1904
1,617,Billy Sherring,CAN,2-51:23.6,1906
2,643,John Svanberg,SWE,2-58:20.8,1906
3,195,William Frank,USA,3-00:46.8,1906
4,691,Gustaf Törnros,SWE,3-01:00.0,1906
5,33,Ioannis Alepous,GRE,3-09:25.4,1906
6,53,George Blake,AUS,3-09:35.0,1906
7,358,Konstantinos Karvelas,GRE,3-15:54.0,1906
8,582,André Roffi,FRA,3-17:49.8,1906
9,436,Hermann Müller,GER,3-21:00.0,1906
10,487,Christos Ntavaris,GRE,-,1906
11,133,Georgios Chountoumadis,GRE,-,1906
12,193,Joe Forshaw,USA,-,1906
13,476,Vladimiros Negrepontis,GRE,-,1906
14,124,James Cormack,GBR,3-35:00.0,1906
15,472,Arnošt Nejedlý,BOH,3-40:00.2,1906
DNF,824,Felix Kwieton,AUT,-,1906
DNF,378,Jules Lesage,BEL,-,1906
DNF,396,Valdemar Lorentzen,DEN,-,1906
DNF,403,Arthur Pitt-Marson,EGY,-,1906
DNF,55,Émile Bonheure,FRA,-,1906
DNF,145,John Daly,GBR,-,1906
DNF,635,Robert Sennecke,GER,-,1906
DNF,11,Andreas Andreadis,GRE,-,1906
DNF,-,Spyridon Belokas,GRE,-,1906
DNF,446,V. Boulakakis,CRT,-,1906
DNF,173,Nikolaos Dialektos,GRE,-,1906
DNF,174,T. Dionysiotis,GRE,-,1906
DNF,545,Christos Ferarolakis,CRT,-,1906
DNF,-,G. Fotakis,GRE,-,1906
DNF,295,Michail Giannarakis,CRT,-,1906
DNF,279,Konstantinos Ioannou,GRE,-,1906
DNF,341,Dimitrios Kantzias,GRE,-,1906
DNF,359,V. Koskoris,GRE,-,1906
DNF,347,Ioannis Kousoulidis,GRE,-,1906
DNF,347,Anastasios Koutoulakis,GRE,-,1906
DNF,449,Nikolaos Malintretos,CRT,-,1906
DNF,444,Christos Manarolakis,CRT,-,1906
DNF,445,M. Mantakas,CRT,-,1906
DNF,-,G. Maragkkoudakis,GRE,-,1906
DNF,413,Xenofon Milonakis,GRE,-,1906
DNF,565,Panagiotis Polimenos,GRE,-,1906
DNF,581,Michail Rossidis,GRE,-,1906
DNF,648,G. Solidakis,GRE,-,1906
DNF,647,G. Stamoulis,GRE,-,1906
DNF,690,Tassos Topsidellis,GRE,-,1906
DNF,693,Alkiviadis Tzelepopoulos,GRE,-,1906
DNF,90,S. Velliotis,GRE,-,1906
DNF,73,Evangelos Volanakis,CRT,-,1906
DNF,850,Dorando Pietri,ITA,-,1906
DNF,-,Adolf Tobler,SUI,-,1906
DNF,72,Thure Bergvall,SWE,-,1906
DNF,623,Mike Spring,USA,-,1906
DNF,205,Bob Fowler,USA,-,1906
DNS,496,A. Olsen,DEN,-,1906
DNS,320,A. I. Kyrillos,GRE,-,1906
DNS,676,Ernst Samuelson,SWE,-,1906
DNS,242,Elwood Hughes,CAN,-,1906
DNS,484,Eugene Nielsen,DEN,-,1906
DNS,146,John Fowler-Dixon,GBR,-,1906
DNS,334,I. Kyriachou,GRE,-,1906
DNS,481,N. Nikoloudakis,GRE,-,1906
DNS,63,Vladimir Valenta,BOH,-,1906
DNS,244,Idraios,GRE,-,1906
DNS,675,Sven Strömberg,SWE,-,1906
DNS,298,I. Giannichostas,GRE,-,1906
DNS,405,Raoul Matet,FRA,-,1906
DNS,689,Y. Shakhotin,RUS,-,1906
DNS,821,Periklis Kakousis,GRE,-,1906
DNS,71,Christian Busch,GER,-,1906
DNS,329,Joseph Krämer,GER,-,1906
DNS,163,Léon Dupont,BEL,-,1906
DNS,619,František Souček,BOH,-,1906
DNS,284,Henri Jardin,FRA,-,1906
DNS,223,Nikolaos Georgantas,GRE,-,1906
DNS,774,Emilio Brambilla,ITA,-,1906
DNS,849,Pericle Pagliani,ITA,-,1906
DNS,892,Gaspare Torretta,ITA,-,1906
DNS,383,Johan Lindqvist,SWE,-,1906
DNS,477,Otto Nilsson,SWE,-,1906
DNS,255,Boris Honzátko,BOH,-,1906
DNS,54,George Bonhag,USA,-,1906
DNS,107,Ellery Clark,USA,-,1906
DNS,108,Harvey Cohn,USA,-,1906
DNS,514,Meyer Prinstein,USA,-,1906
DNS,580,Lawson Robertson,USA,-,1906
DNS,616,Dick Sheldon,USA,-,1906
DNS,626,James Sullivan,USA,-,1906
DNS,44,Nigel Barker,AUS,-,1906
DNS,726,Dad Wheatley,AUS,-,1906
DNS,846,Theodor Scheidl,AUT,-,1906
DNS,415,Henri Molinié,FRA,-,1906
DNS,114,Stephen Carnelly,GBR,-,1906
DNS,118,Arnold Churchill,GBR,-,1906
DNS,245,Henry Hawtrey,GBR,-,1906
DNS,733,Henry Weber,GBR,-,1906
DNS,-,Wilhelm Ritzenhoff,GER,-,1906
DNS,34,Stavros Antoniadis,GRE,-,1906
DNS,529,Vasilios Papageorgiou,GRE,-,1906
DNS,563,Patestos Patestidis,GRE,-,1906
DNS,677,Fritz Skullerud,NOR,-,1906
DNS,431,Hjalmar Mellander,SWE,-,1906
DNS,196,Hugo Friend,USA,-,1906
DNS,311,Bert Kerrigan,USA,-,1906
DNS,191,Edmond Filiâtre,FRA,-,1906
DNS,78,Bjarne Bratz,NOR,-,1906
1,-,Johnny Hayes,USA,2-55:18.4,1908
2,-,Charles Hefferon,RSA,2-56:06.0,1908
3,-,Joe Forshaw,USA,2-57:10.4,1908
4,-,Roy Welton,USA,2-59:44.4,1908
5,-,William Wood,CAN,3-01:44.0,1908
6,-,Fred Simpson,CAN,3-04:28.2,1908
7,-,Harry Lawson,CAN,3-06:47.2,1908
8,-,John Svanberg,SWE,3-07:50.8,1908
9,-,Lewis Tewanima,USA,3-09:15.0,1908
10,-,Kalle Nieminen,FIN,3-09:50.8,1908
11,-,Jack Caffery,CAN,3-12:46.0,1908
12,-,Tommy Clarke,GBR,3-16:08.6,1908
13,-,Ernie Barnes,GBR,3-17:30.8,1908
14,-,Sidney Hatch,USA,3-17:52.4,1908
15,-,Fred Lord,GBR,3-19:08.8,1908
16,-,Bert Goldsbro,CAN,3-20:07.0,1908
17,-,James Beale,GBR,3-20:14.0,1908
18,-,Arnošt Nejedlý,BOH,3-26:26.2,1908
19,-,Georg Lind,RUS,3-26:38.8,1908
20,-,Willem Wakker,NED,3-28:49.0,1908
21,-,Gustaf Törnros,SWE,3-30:20.8,1908
22,-,George Goulding,CAN,3-33:26.4,1908
23,-,Julius Jørgensen,DEN,3-47:44.0,1908
24,-,Arthur Burn,CAN,3-50:17.0,1908
25,-,Emmerich Rath,AUT,3-50:30.4,1908
26,-,Rudy Hansen,DEN,3-53:15.0,1908
27,-,George Lister,CAN,4-22:45.0,1908
DQ,-,Dorando Pietri,ITA,[2-54:46.4],1908
DNF,-,Victor Aitken,ANZ,-,1908
DNF,-,Tom Longboat,CAN,-,1908
DNF,-,Fred Appleby,GBR,-,1908
DNF,-,Nikolaos Kouloumperdas,GRE,-,1908
DNF,-,Jack Price,GBR,-,1908
DNF,-,Anastasios Koutoulakis,GRE,-,1908
DNF,-,Jack Tait,CAN,-,1908
DNF,-,Bertie Thompson,GBR,-,1908
DNF,-,Arie Vosbergen,NED,-,1908
DNF,-,François Celis,BEL,-,1908
DNF,-,Harry Barrett,GBR,-,1908
DNF,-,Fritz Reiser,GER,-,1908
DNF,-,George Büff,NED,-,1908
DNF,-,Alex Duncan,GBR,-,1908
DNF,-,Umberto Blasi,ITA,-,1908
DNF,-,Tom Jack,GBR,-,1908
DNF,-,George Blake,ANZ,-,1908
DNF,-,Joseph Lynch,ANZ,-,1908
DNF,-,Wilhelmus Braams,NED,-,1908
DNF,-,Albert Wyatt,GBR,-,1908
DNF,-,Eddie Cotter,CAN,-,1908
DNF,-,Fred Noseworthy,CAN,-,1908
DNF,-,James Mitchell Baker,RSA,-,1908
DNF,-,Johan Lindqvist,SWE,-,1908
DNF,-,Seth Landqvist,SWE,-,1908
DNF,-,Tom Morrissey,USA,-,1908
DNF,-,Mike Ryan,USA,-,1908
DNS,-,Lajos Merényi,HUN,-,1908
DNS,-,Augusto Cocca,ITA,-,1908
DNS,-,Alfred Mole,RSA,-,1908
DNS,-,G. E. Stevens,RSA,-,1908
DNS,-,Alexander Thibeau,USA,-,1908
DNS,-,Jimmy Lee,USA,-,1908
DNS,-,James O'Mara,USA,-,1908
DNS,-,Willem Theunissen,NED,-,1908
DNS,-,Felix Kwieton,AUT,-,1908
DNS,-,Sam Stevenson,GBR,-,1908
DNS,-,Paul Nettelbeck,GER,-,1908
DNS,-,Thure Bergvall,SWE,-,1908
DNS,-,Ivar Lundberg,SWE,-,1908
DNS,-,Georg Peterson,SWE,-,1908
DNS,-,Fred Lorz,USA,-,1908
DNS,-,Hermann Müller,GER,-,1908
1,-,Ken McArthur,RSA,2-36:54.8,1912
2,-,Chris Gitsham,RSA,2-37:52.0,1912
3,-,Gaston Strobino,USA,2-38:42.4,1912
4,-,Andrew Sockalexis,USA,2-42:07.9,1912
5,-,Jimmy Duffy,CAN,2-42:18.8,1912
6,-,Sigfrid Jacobsson,SWE,2-43:24.9,1912
7,-,John Gallagher,USA,2-44:19.4,1912
8,-,Joseph Erxleben,USA,2-45:47.2,1912
9,-,Richard Piggott,USA,2-46:40.7,1912
10,-,Joe Forshaw,USA,2-49:49.4,1912
11,-,Ed Fabre,CAN,2-50:36.2,1912
12,-,Clarence DeMar,USA,2-50:46.6,1912
13,-,Renon Boissière,FRA,2-51:06.6,1912
14,-,Harry Green,GBR,2-52:11.4,1912
15,-,William Forsyth,CAN,2-52:23.0,1912
16,-,Lewis Tewanima,USA,2-52:41.4,1912
17,-,Harry Smith,USA,2-52:53.8,1912
18,-,Thomas Lilley,USA,2-59:35.4,1912
19,-,Arthur Townsend,GBR,3-00:05.0,1912
20,-,Felix Kwieton,AUT,3-00:48.0,1912
21,-,Fred Lord,GBR,3-01:39.2,1912
22,-,Jacob Westberg,SWE,3-02:05.2,1912
23,-,Axel Simonsen,NOR,3-04:59.4,1912
24,-,Carl Andersson,SWE,3-06:13.0,1912
25,-,Edgar Lloyd,GBR,3-09:25.0,1912
26,-,Iraklis Sakellaropoulos,GRE,3-11:37.0,1912
27,-,Hjalmar Dahlberg,SWE,3-13:32.2,1912
28,-,Ivar Lundberg,SWE,3-16:35.2,1912
29,-,Johannes Christensen,DEN,3-21:57.4,1912
30,-,Olaf Lodal,DEN,3-21:57.6,1912
31,-,Ödön Kárpáti,HUN,3-25:21.6,1912
32,-,Carl Nilsson,SWE,3-26:56.4,1912
33,-,Emmerich Rath,AUT,3-27:03.8,1912
34,-,Otto Osen,NOR,3-36:35.2,1912
DNF,-,Stuart Poulter,ANZ,-,1912
DNF,-,Karl Hack,AUT,-,1912
DNF,-,Boris Honzátko,BOH,-,1912
DNF,-,Vladimír Penc,BOH,-,1912
DNF,-,František Slavík,BOH,-,1912
DNF,-,James Corkery,CAN,-,1912
DNF,-,Aarne Kallberg,FIN,-,1912
DNF,-,Tatu Kolehmainen,FIN,-,1912
DNF,-,Louis Pautex,FRA,-,1912
DNF,-,Harry Barrett,GBR,-,1912
DNF,-,James Beale,GBR,-,1912
DNF,-,Septimus Francom,GBR,-,1912
DNF,-,Tim Kellaway,GBR,-,1912
DNF,-,"Henrik Ripszám, Jr.",HUN,-,1912
DNF,-,Francesco Ruggiero,ITA,-,1912
DNF,-,Carlo Speroni,ITA,-,1912
DNF,-,Shizo Kanakuri,JPN,-,1912
DNF,-,Oscar Fonbæk,NOR,-,1912
DNF,-,Francisco Lázaro,POR,-,1912
DNF,-,Arthur St. Norman,RSA,-,1912
DNF,-,Andrejs Kapmals,RUS,-,1912
DNF,-,Andrejs Krūkliņš,RUS,-,1912
DNF,-,Nikolajs Rasso,RUS,-,1912
DNF,-,Elmar Reimann,RUS,-,1912
DNF,-,Aleksandrs Upmals,RUS,-,1912
DNF,-,Dragutin Tomašević,SRB,-,1912
DNF,-,Alexis Ahlgren,SWE,-,1912
DNF,-,Thure Bergvall,SWE,-,1912
DNF,-,William Grüner,SWE,-,1912
DNF,-,David Guttman,SWE,-,1912
DNF,-,Ivan Lönnberg,SWE,-,1912
DNF,-,Gustaf Törnros,SWE,-,1912
DNF,-,John Reynolds,USA,-,1912
DNF,-,Mike Ryan,USA,-,1912
DNS,-,Jack Tait,CAN,-,1912
DNS,-,Ali Ben Allel,FRA,-,1912
DNS,-,Gaston Capelle,FRA,-,1912
DNS,-,Paul Coulond,FRA,-,1912
DNS,-,Jean Lespielle,FRA,-,1912
DNS,-,Henri Lorgnat,FRA,-,1912
DNS,-,Edmond Neyrinck,FRA,-,1912
DNS,-,Ahmed Djebelia,FRA,-,1912
DNS,-,Charlie Davenport,GBR,-,1912
DNS,-,George Day,GBR,-,1912
DNS,-,Henry Lewis,GBR,-,1912
DNS,-,Samuel Raynes,GBR,-,1912
DNS,-,Nino Cazzaniga,ITA,-,1912
DNS,-,Orlando Cesaroni,ITA,-,1912
DNS,-,Alfred Nilsen,NOR,-,1912
DNS,-,Ole Olsen,NOR,-,1912
DNS,-,Johannes Pedersen,NOR,-,1912
DNS,-,Matias de Carvalho,POR,-,1912
DNS,-,Aleksandr Krachenin,RUS,-,1912
DNS,-,Iosif Zaytsev,RUS,-,1912
DNS,-,René Wilde,RUS,-,1912
DNS,-,Zivko Vastitsch,SRB,-,1912
DNS,-,Alex Decouteau,CAN,-,1912
DNS,-,George Goulding,CAN,-,1912
DNS,-,Joe Keeper,CAN,-,1912
DNS,-,Alfonso Sánchez,CHI,-,1912
DNS,-,Gaston Heuet,FRA,-,1912
DNS,-,Len Richardson,RSA,-,1912
DNS,-,Mikhail Nikolsky,RUS,-,1912
DNS,-,Nikolay Khorkov,RUS,-,1912
1,263,Hannes Kolehmainen,FIN,2-32:35.8,1920
2,680,Jüri Lossman,EST,2-32:48.6,1920
3,464,Valerio Arri,ITA,2-36:37.8,1920
4,10,Auguste Broos,BEL,2-39:25.8,1920
5,289,Juho Tuomikoski,FIN,2-40:18.8,1920
6,106,Sofus Rose,DEN,2-41:18.0,1920
7,192,Joseph Organ,USA,2-41:30.0,1920
8,94,Rudolf Hansen,DEN,2-41:39.4,1920
9,259,Urho Tallgren,FIN,2-42:40.0,1920
10,264,Tatu Kolehmainen,FIN,2-44:03.2,1920
11,191,Carl Linder,USA,2-44:21.6,1920
12,204,Chuck Mellor,USA,2-45:30.0,1920
13,72,James Dellow,CAN,2-46:47.0,1920
14,409,Bobby Mills,GBR,2-48:05.0,1920
15,82,Art Scholes,CAN,2-48:30.0,1920
16,513,Shizo Kanakuri,JPN,2-48:45.4,1920
17,595,Gustav Kinn,SWE,2-49:10.4,1920
18,351,Albert Moché,FRA,2-50:00.2,1920
19,508,Phadeppa Chaugule,IND,2-50:45.4,1920
20,516,Zensaku Motegi,JPN,2-51:09.4,1920
21,522,Kenzo Yashima,JPN,2-57:03.0,1920
22,78,Norman General,CAN,2-58:01.0,1920
23,628,Rudolf Wåhlin,SWE,2-59:23.0,1920
24,515,Yahei Miura,JPN,2-59:37.0,1920
25,371,Henri Teyssedou,FRA,3-00:04.0,1920
26,458,Hendricus Wessel,NED,3-00:17.0,1920
27,37,Karel Melis,BEL,3-00:51.0,1920
28,581,William Grüner,SWE,3-01:48.0,1920
29,416,George Piper,GBR,3-02:10.0,1920
30,2,Sinton Hewitt,AUS,3-03:27.0,1920
31,402,Leslie Housden,GBR,3-14:07.0,1920
32,438,Iraklis Sakellaropoulos,GRE,3-14:25.0,1920
33,86,Juan Jorquera,CHI,3-17:45.0,1920
34,7,Oscar Blansaer,BEL,3-20:00.0,1920
35,81,Eric Robertson,GBR,3-55:00.0,1920
DNF,554,Chris Gitsham,RSA,-,1920
DNF,467,Ettore Blasi,ITA,-,1920
DNF,337,Louis Ichard,FRA,-,1920
DNF,492,Augusto Persico,ITA,-,1920
DNF,83,Art Smoke,CAN,-,1920
DNF,95,Axel Jensen,DEN,-,1920
DNF,226,Arthur Roth,USA,-,1920
DNF,439,Peter Trivoulidis,GRE,-,1920
DNF,445,Christiaan Huijgens,NED,-,1920
DNF,63,Desiré Van Remortel,BEL,-,1920
DNF,621,Hans Schuster,SWE,-,1920
DNF,372,Amédée Trichard,FRA,-,1920
DNF,509,Sadashir Datar,IND,-,1920
DNS,65,Marcel Vrielynck,BEL,-,1920
DNS,249,Jack Weber,USA,-,1920
DNS,321,Ahmed Djebelia,FRA,-,1920
DNS,493,Pericle Pagliani,ITA,-,1920
DNS,560,Len Richardson,RSA,-,1920
DNS,256,Frank Zuna,USA,-,1920
1,334,Albin Stenroos,FIN,2-41:22.6,1924
2,579,Romeo Bertini,ITA,2-47:19.6,1924
3,210,Clarence DeMar,USA,2-48:14.0,1924
4,296,Lauri Halonen,FIN,2-49:47.4,1924
5,439,Sam Ferris,GBR,2-52:26.0,1924
6,129,Manuel Plaza,CHI,2-52:54.0,1924
7,372,Bouguera El Ouafi,FRA,2-54:19.6,1924
8,724,Gustav Kinn,SWE,2-54:33.4,1924
9,158,Dionisio Carreras,ESP,2-57:18.4,1924
10,185,Jüri Lossman,EST,2-57:54.6,1924
11,135,Axel Jensen,DEN,2-58:44.8,1924
12,394,Jean-Baptiste Manhès,FRA,3-00:34.0,1924
13,107,Jack Cuthbert,CAN,3-00:44.6,1924
14,105,Victor MacAuley,CAN,3-02:05.4,1924
15,66,Marcel Alavoine,BEL,3-03:20.0,1924
16,282,Frank Wendling,USA,3-05:09.8,1924
17,438,Arthur Farrimond,GBR,3-05:15.0,1924
18,287,Frank Zuna,USA,3-05:52.2,1924
19,8,Harry Phillips,RSA,3-07:13.0,1924
20,68,Auguste Broos,BEL,3-14:03.0,1924
21,714,Waldemar Karlsson,SWE,3-14:21.4,1924
22,581,Tullio Biscuola,ITA,3-19:05.0,1924
23,203,Billy Churchill,USA,3-19:18.0,1924
24,378,Mohammed Ghermati,FRA,3-20:27.0,1924
25,253,Chuck Mellor,USA,3-24:07.0,1924
26,77,Gaston LeClercq,BEL,3-27:54.0,1924
27,454,Jack McKenna,GBR,3-30:40.0,1924
28,547,Antal Lovas,HUN,3-35:34.0,1924
29,561,Mahadeo Singh,IND,3-37:36.0,1924
30,187,Elmar Reimann,EST,3-40:52.0,1924
DNF,490,Vyron Athanasiadis,GRE,-,1924
DNF,450,Ernest Leatherland,GBR,-,1924
DNF,82,Gerard Steurs,BEL,-,1924
DNF,509,Cornelis Brouwer,NED,-,1924
DNF,544,Pál Király,HUN,-,1924
DNF,302,Hannes Kolehmainen,FIN,-,1924
DNF,456,Duncan Wright,GBR,-,1924
DNF,459,Bobby Mills,GBR,-,1924
DNF,522,Teun Sprong,NED,-,1924
DNF,299,Vilho Hietakari,FIN,-,1924
DNF,842,Emil Kalous,TCH,-,1924
DNF,637,Yahei Miura,JPN,-,1924
DNF,-,Iraklis Sakellaropoulos,GRE,-,1924
DNF,415,Gabriel Verger,FRA,-,1924
DNF,582,Ettore Blasi,ITA,-,1924
DNF,591,Alberto Cavallero,ITA,-,1924
DNF,767,Josef Eberle,TCH,-,1924
DNF,494,Alexandros Kranis,GRE,-,1924
DNF,312,Ville Kyrönen,FIN,-,1924
DNF,84,Félicien Van De Putte,BEL,-,1924
DNF,636,Shizo Kanakuri,JPN,-,1924
DNF,330,Gabriel Ruotsalainen,FIN,-,1924
DNF,149,Belisario Villacís,ECU,-,1924
DNF,284,Ralph Williams,USA,-,1924
DNF,775,Boris Honzátko,TCH,-,1924
DNF,614,Angelo Malvicini,ITA,-,1924
DNF,642,Kikunosuke Tashiro,JPN,-,1924
DNF,575,Emilio Alciati,ITA,-,1924
DNS,36,Josef Franz,AUT,-,1924
DNS,60,Rudolf Url,AUT,-,1924
DNS,-,Joseph Standaert,BEL,-,1924
DNS,131,Helge Breckwoldt,DEN,-,1924
DNS,527,József Bese,HUN,-,1924
DNS,545,János Hrenvoyszky,HUN,-,1924
DNS,542,Bela Kadar,HUN,-,1924
DNS,687,Trygve Tangen,NOR,-,1924
DNS,803,Miloš Zapletal,TCH,-,1924
DNS,47,Rudolf Kühnel,AUT,-,1924
DNS,142,Sofus Rose,DEN,-,1924
DNS,152,José Andía,ESP,-,1924
DNS,804,František Zyka,TCH,-,1924
1,71,Bouguera El Ouafi,FRA,2-32:57,1928
2,686,Manuel Plaza,CHI,2-33:23,1928
3,796,Martti Marttelin,FIN,2-35:02,1928
4,264,Kanematsu Yamada,JPN,2-35:29,1928
5,556,Joie Ray,USA,2-36:04,1928
6,260,Seiichiro Tsuda,JPN,2-36:20,1928
7,782,Yrjö Korholin-Koski,FIN,2-36:40,1928
8,452,Sam Ferris,GBR,2-37:41,1928
9,547,Whitey Michelsen,USA,2-38:56,1928
10,647,Cliff Bricker,CAN,2-39:24,1928
11,489,Harry Wood,GBR,2-41:15,1928
12,791,Verner Laaksonen,FIN,2-41:35,1928
13,478,Harry Payne,GBR,2-42:29,1928
14,801,Eino Rastas,FIN,2-43:08,1928
15,803,Väinö Sipilä,FIN,2-43:08,1928
16,387,Alois Krof,TCH,2-43:18,1928
17,660,Johnny Miles,CAN,2-43:32,1928
18,607,Leonard Broers,BEL,2-44:37,1928
19,739,Hans Stelges,GER,2-45:27,1928
20,491,Duncan Wright,GBR,2-45:30,1928
21,882,Herb Bignall,GBR,2-45:44,1928
22,461,Ernie Harper,GBR,2-45:44,1928
23,75,Jean Gérault,FRA,2-46:08,1928
24,781,Ilmari Kuokka,FIN,2-46:34,1928
25,849,Gustav Kinn,SWE,2-47:35,1928
26,661,Silas McLellan,CAN,2-49:33,1928
27,521,Clarence DeMar,USA,2-50:42,1928
28,69,Marcel Denis,FRA,2-51:15,1928
29,108,Guillaume Tell,FRA,2-51:18,1928
30,315,Henri Landheer,NED,2-51:59,1928
31,712,Paul Hempel,GER,2-52:01,1928
32,175,Aurelio Terrazas,MEX,2-52:22,1928
33,394,František Zyka,TCH,2-52:42,1928
34,230,Giuseppe Ferrera,ITA,2-53:10,1928
35,176,José Torres,MEX,2-54:00,1928
36,196,Johan Støa,NOR,2-54:15,1928
37,627,Gerard Steurs,BEL,2-54:48,1928
38,149,Artūrs Motmillers,LAT,2-56:45,1928
39,881,Jimmy Henigan,USA,2-56:50,1928
40,288,Matthew Steytler,RSA,2-57:21,1928
41,526,Harvey Frick,USA,2-57:24,1928
42,619,Jan Linsen,BEL,2-58:08,1928
43,655,Frank Hughes,CAN,2-58:12,1928
44,495,Bill Agee,USA,2-58:50,1928
45,673,Percy Wyer,CAN,2-58:52,1928
46,711,Georg Hörger,GER,2-59:01,1928
47,735,Kurt Schneider,GER,2-59:36,1928
48,254,Juichi Nagatani,JPN,3-03:34,1928
49,13,József Galambos,HUN,3-05:58,1928
50,710,Paul Gerhardt,GER,3-09:30,1928
51,690,Gottlieb Bach,DEN,3-10:30,1928
52,370,Emilio Ferrer,ESP,3-11:05,1928
53,835,Dimitrije Stefanović,YUG,3-11:35,1928
54,332,Joop Vermeulen,NED,3-13:47,1928
55,316,Pleun van Leenen,NED,3-14:37,1928
56,622,Joseph Mariën,BEL,3-16:13,1928
57,330,Willem van der Steen,NED,3-19:53,1928
DNF,222,Romeo Bertini,ITA,-,1928
DNF,152,Vilis Cimmermanis,LAT,-,1928
DNF,227,Attilio Conton,ITA,-,1928
DNF,354,Vintilă Cristescu,ROU,-,1928
DNF,845,Axel Elofs,SWE,-,1928
DNF,304,Bram Groeneweg,NED,-,1928
DNF,817,Karl Laas,EST,-,1928
DNF,697,Aksel Madsen,DEN,-,1928
DNF,232,Stefano Natale,ITA,-,1928
DNF,329,Teun Sprong,NED,-,1928
DNF,746,Franz Wanderer,GER,-,1928
DNF,700,Orla Olsen,DEN,-,1928
DNS,698,Henry Nielsen,DEN,-,1928
DNS,672,Harold Webster,CAN,-,1928
DNS,685,O. Molina,CHI,-,1928
DNS,367,Dionisio Carreras,ESP,-,1928
DNS,95,Léon Nicolas,FRA,-,1928
DNS,53,Seghir Beddari,FRA,-,1928
DNS,147,Kārlis Bukass,LAT,-,1928
DNS,25,Pál Király,HUN,-,1928
DNS,26,Antal Lovas,HUN,-,1928
DNS,392,Karel Šťastný,TCH,-,1928
1,12,Juan Carlos Zabala,ARG,2-31:36,1932
2,195,Sam Ferris,GBR,2-31:55,1932
3,137,Armas Toivonen,FIN,2-32:12,1932
4,207,Duncan Wright,GBR,2-32:41,1932
5,304,Seiichiro Tsuda,JPN,2-35:42,1932
6,285,Kim Un-Bae,JPN,2-37:28,1932
7,446,Whitey Michelsen,USA,2-39:38,1932
8,110,Oskar Hekš,TCH,2-41:35,1932
9,283,Kwon Tae-Ha,JPN,2-42:52,1932
10,112,Anders Hartington Andersen,DEN,2-44:38,1932
11,448,Hans Oldag,USA,2-47:26,1932
12,63,Cliff Bricker,CAN,2-47:58,1932
13,261,Michele Fanelli,ITA,2-49:09,1932
14,74,Johnny Miles,CAN,2-50:32,1932
15,162,Paul de Bruyn,GER,2-52:39,1932
16,144,François Bégeot,FRA,2-53:34,1932
17,3,Fernando Chacarelli,ARG,2-55:49,1932
18,67,Eddie Cudworth,CAN,2-58:35,1932
19,55,João Clemente da Silva,BRA,3-02:06,1932
20,338,Margarito Pomposo,MEX,3-10:51,1932
DNF,11,José Ribas,ARG,-,1932
DNF,44,Matheus Marcondes,BRA,-,1932
DNF,99,Jorge Perry,COL,-,1932
DNF,123,Ville Kyrönen,FIN,-,1932
DNF,139,Lasse Virtanen,FIN,-,1932
DNF,270,Francesco Roccati,ITA,-,1932
DNF,347,Santiago Hernández,MEX,-,1932
DNF,432,Jimmy Henigan,USA,-,1932
DNS,24,Franz Tuschek,AUT,-,1932
DNS,101,René Bonich,CUB,-,1932
DNS,33,Adalberto Cardoso,BRA,-,1932
DNS,115,Alfred Maasik,EST,-,1932
DNS,354,Billy Savidan,NZL,-,1932
1,382,Son Gi-Jeong,JPN,2-29:19.2,1936
2,265,Ernie Harper,GBR,2-31:23.2,1936
3,380,Nam Sung-Yong,JPN,2-31:42.0,1936
4,169,Erkki Tamila,FIN,2-32:45.0,1936
5,168,Väinö Muinonen,FIN,2-33:46.0,1936
6,653,Johannes Coleman,RSA,2-36:17.0,1936
7,267,Donald Robertson,GBR,2-37:06.2,1936
8,654,Jackie Gibson,RSA,2-38:04.0,1936
9,170,Mauno Tarkiainen,FIN,2-39:33.0,1936
10,581,Thore Enochsson,SWE,2-43:12.0,1936
11,7,Stelios Kyriakidis,GRE,2-43:20.0,1936
12,212,Nouba Khaled,FRA,2-45:34.0,1936
13,582,Henry Palmé,SWE,2-46:08.4,1936
14,498,Franz Tuschek,AUT,2-46:29.0,1936
15,80,Jimmy Bartlett,CAN,2-48:21.4,1936
16,210,Émile Duval,FRA,2-48:39.8,1936
17,559,Manuel Dias,POR,2-49:00.0,1936
18,755,Johnny Kelley,USA,2-49:32.4,1936
19,667,Miloslav Luňák,TCH,2-50:26.0,1936
20,48,Felix Meskens,BEL,2-51:19.0,1936
21,669,Ján Takáč,TCH,2-51:20.0,1936
22,496,Rudolf Wöber,AUT,2-51:28.0,1936
23,563,Ludovic Gal,ROU,2-55:02.0,1936
24,49,Robert Nevens,BEL,2-55:51.0,1936
25,138,Anders Hartington Andersen,DEN,2-56:31.0,1936
26,527,Gabriel Mendoza,PER,2-57:17.8,1936
27,655,Tommy Lalande,RSA,2-57:20.0,1936
28,445,Artūrs Motmillers,LAT,2-58:02.0,1936
29,839,Eduard Braeseke,GER,2-59:33.4,1936
30,-,Percy Wyer,CAN,3-00:11.0,1936
31,211,Fernand Leheurteur,FRA,3-01:11.0,1936
32,497,Wilhelm Rothmayer,AUT,3-02:32.0,1936
33,544,Bronisław Gancarz,POL,3-03:11.0,1936
34,619,Max Beer,SUI,3-06:26.0,1936
35,528,Guillermo Suárez,PER,3-08:18.0,1936
36,62,Boris Haralampiev,BUL,3-08:53.8,1936
37,321,Arul Swami,IND,3-10:44.0,1936
38,668,Josef Šulc,TCH,3-11:47.4,1936
39,620,Franz Eha,SUI,3-18:17.0,1936
40,125,Wang Zhenglin,CHN,3-25:36.4,1936
41,422,Stane Šporn,YUG,3-30:47.0,1936
42,529,José Farías,PER,3-33:24.0,1936
DNF,95,Juan Acosta,CHI,-,1936
DNF,838,Franz Barsicke,GER,-,1936
DNF,754,Tarzan Brown,USA,-,1936
DNF,336,Giannino Bulzone,ITA,-,1936
DNF,840,Paul de Bruyn,GER,-,1936
DNF,543,Kazimierz Fiałka,POL,-,1936
DNF,337,Aurelio Genghini,ITA,-,1936
DNF,756,Billy McMahon,USA,-,1936
DNF,560,Jaime Mendes,POR,-,1936
DNF,266,Bert Norris,GBR,-,1936
DNF,32,Luis Oliva,ARG,-,1936
DNF,381,Tamao Shiwaku,JPN,-,1936
DNF,81,Harold Webster,CAN,-,1936
DNF,33,Juan Carlos Zabala,ARG,-,1936
DNS,47,Jean Chapelle,BEL,-,1936
DNS,81,Vincent Callard,CAN,-,1936
DNS,132,Jorge Perry,COL,-,1936
DNS,621,Ernst Hirt,SUI,-,1936
1,233,Delfo Cabrera,ARG,2-34:51.6,1948
2,266,Tom Richards,GBR,2-35:07.6,1948
3,252,Étienne Gailly,BEL,2-35:33.6,1948
4,278,Johannes Coleman,RSA,2-36:06.0,1948
5,234,Eusebio Guiñez,ARG,2-36:36.0,1948
6,279,Syd Luyt,RSA,2-38:11.0,1948
7,283,Gustav Östling,SWE,2-38:40.6,1948
8,276,John Systad,NOR,2-38:41.0,1948
9,251,Armando Sensini,ARG,2-39:30.0,1948
10,257,Henning Larsen,DEN,2-41:22.0,1948
11,238,Viljo Heino,FIN,2-41:32.0,1948
12,282,Anders Melin,SWE,2-42:20.0,1948
13,259,Jussi Kurikkala,FIN,2-42:48.0,1948
14,290,Ted Vogel,USA,2-45:27.0,1948
15,256,Enrique Inostroza,CHI,2-47:48.0,1948
16,254,Lloyd Evans,CAN,2-48:07.0,1948
17,253,Gérard Côté,CAN,2-48:31.0,1948
18,267,Stelios Kyriakidis,GRE,2-49:00.0,1948
19,269,József Kiss,HUN,2-50:20.0,1948
20,287,Şevki Koru,TUR,2-51:07.0,1948
21,288,Johnny Kelley,USA,2-51:56.0,1948
22,286,Kaspar Schiesser,SUI,2-52:09.0,1948
23,255,Walter Fedorick,CAN,2-52:12.0,1948
24,289,Ollie Manninen,USA,2-56:49.0,1948
25,274,Hong Jong-Oh,KOR,2-56:54.0,1948
26,258,Frank Mulvihill,IRL,2-57:35.0,1948
27,262,Seo Yun-Bok,KOR,2-59:36.0,1948
28,281,Sven Håkansson,SWE,3-00:09.0,1948
29,285,Jakob Jutz,SUI,3-03:55.0,1948
30,265,Stan Jones,GBR,3-09:16.0,1948
DNF,273,Choi Yun-Chil,KOR,-,1948
DNF,263,Arsène Piesset,FRA,-,1948
DNF,268,Athanasios Ragazos,GRE,-,1948
DNF,202,Luo Wenao,CHN,-,1948
DNF,264,Jack Holden,GBR,-,1948
DNF,284,Hans Frischknecht,SUI,-,1948
DNF,271,Chhota Singh,IND,-,1948
DNF,262,René Josset,FRA,-,1948
DNF,260,Mikko Hietanen,FIN,-,1948
DNF,818,Salvatore Costantino,ITA,-,1948
DNF,261,Pierre Cousin,FRA,-,1948
DNS,280,José María Blay,ESP,-,1948
DNS,275,Charles Heirendt,LUX,-,1948
DNS,270,István Simon,HUN,-,1948
1,903,Emil Zátopek,TCH,2-23:03.2,1952
2,6,Reinaldo Gorno,ARG,2-25:35.0,1952
3,683,Gustaf Jansson,SWE,2-26:07.0,1952
4,371,Choi Yun-Chil,KOR,2-26:36.0,1952
5,790,Veikko Karvonen,FIN,2-26:41.8,1952
6,5,Delfo Cabrera,ARG,2-26:42.4,1952
7,943,József Dobronyi,HUN,2-28:04.8,1952
8,791,Erkki Puolakka,FIN,2-29:35.0,1952
9,186,Geoff Iden,GBR,2-30:42.0,1952
10,111,Wally Hayward,RSA,2-31:50.2,1952
11,109,Syd Luyt,RSA,2-32:41.0,1952
12,684,Gustav Östling,SWE,2-32:48.4,1952
13,1000,Vic Dyrgall,USA,2-32:52.4,1952
14,77,Luis Celedón,CHI,2-33:45.8,1952
15,129,Janus van der Zande,NED,2-33:50.0,1952
16,508,Viktor Olsen,NOR,2-33:58.4,1952
17,789,Mikko Hietanen,FIN,2-34:01.0,1952
18,47,Charles Dewachtere,BEL,2-34:32.0,1952
19,110,Bill Keith,RSA,2-34:38.0,1952
20,429,Yakov Moskachenkov,URS,2-34:43.8,1952
21,944,Mihály Esztergomi,HUN,2-35:10.0,1952
22,123,Doroteo Flores,GUA,2-35:40.0,1952
23,49,Jean Simonet,BEL,2-35:43.0,1952
24,507,Jakob Kjersem,NOR,2-36:14.0,1952
25,309,Katsuo Nishida,JPN,2-36:19.0,1952
26,308,Keizo Yamada,JPN,2-38:11.2,1952
27,431,Feodosy Vanin,URS,2-38:22.0,1952
28,430,Grigory Suchkov,URS,2-38:28.8,1952
29,682,Henry Norrström,SWE,2-38:57.4,1952
30,742,Dieter Engelhardt,GER,2-39:37.2,1952
31,653,Dinu Cristea,ROU,2-39:42.2,1952
32,48,Jean Leblond,BEL,2-40:37.0,1952
33,370,Choi Chung-Sik,KOR,2-41:23.0,1952
34,509,John Systad,NOR,2-41:29.8,1952
35,904,Jaroslav Šourek,TCH,2-41:40.4,1952
36,1001,Tom Jones,USA,2-42:50.0,1952
37,25,Bob Prentice,AUS,2-43:13.4,1952
38,530,Muhammad Havildar Aslam,PAK,2-43:38.2,1952
39,279,Dolfi Gruber,AUT,2-45:02.0,1952
40,354,Paul Collins,CAN,2-45:58.0,1952
41,654,Vasile Teodosiu,ROU,2-46:00.8,1952
42,876,Erik Simonsen,DEN,2-46:41.4,1952
43,741,Ludwig Warnemünde,GER,2-50:00.0,1952
44,999,Ted Corbitt,USA,2-51:09.0,1952
45,24,Claude Smeal,AUS,2-52:23.0,1952
46,249,Asfò Bussotti,ITA,2-52:55.0,1952
47,572,Winand Osiński,POL,2-54:38.2,1952
48,875,Olaf Sørensen,DEN,2-55:21.0,1952
49,151,Joe West,IRL,2-56:22.8,1952
50,853,Rudolf Morgenthaler,SUI,2-56:33.0,1952
51,94,Hassan Abdel Fattah,EGY,2-56:56.0,1952
52,140,Surat Singh,IND,2-58:09.2,1952
53,250,Artidoro Berti,ITA,2-58:36.2,1952
DNF,921,Ahmet Aytar,TUR,-,1952
DNF,531,Muhammad Ben Aras,PAK,-,1952
DNF,612,Lionel Billas,FRA,-,1952
DNF,369,Hong Jong-Oh,KOR,-,1952
DNF,185,Stan Cox,GBR,-,1952
DNF,7,Corsino Fernández,ARG,-,1952
DNF,76,Raúl Inostroza,CHI,-,1952
DNF,326,Franjo Krajcar,YUG,-,1952
DNF,251,Egilberto Martufi,ITA,-,1952
DNF,187,Jim Peters,GBR,-,1952
DNF,652,Radu Ioniță,ROU,-,1952
DNF,307,Yoshitaka Uchikawa,JPN,-,1952
DNF,124,Luis Velásquez,GUA,-,1952
DNS,23,Les Perry,AUS,-,1952
DNS,852,Hans Frischknecht,SUI,-,1952
1,-,Alain Mimoun,FRA,2-25:00,1956
2,-,Franjo Mihalić,YUG,2-26:32,1956
3,-,Veikko Karvonen,FIN,2-27:47,1956
4,-,Lee Chang-Hun,KOR,2-28:45,1956
5,-,Yoshiaki Kawashima,JPN,2-29:19,1956
6,-,Emil Zátopek,TCH,2-29:34,1956
7,-,Ivan Filin,URS,2-30:37,1956
8,-,Evert Nyberg,SWE,2-31:12,1956
9,-,Thomas Nilsson,SWE,2-33:33,1956
10,-,Eino Oksanen,FIN,2-36:10,1956
11,-,Arnold Vaide,SWE,2-36:21,1956
12,-,Choi Chung-Sik,KOR,2-36:53,1956
13,-,Paavo Kotila,FIN,2-38:59,1956
14,-,Mercer Davies,RSA,2-39:48,1956
15,-,Harry Hicks,GBR,2-39:55,1956
16,-,Hideo Hamamura,JPN,2-40:53,1956
17,-,Albert Richards,NZL,2-41:34,1956
18,-,John Russell,AUS,2-41:44,1956
19,-,Lothar Beckert,GER,2-42:10,1956
20,-,Nick Costes,USA,2-42:20,1956
21,-,Johnny Kelley,USA,2-43:40,1956
22,-,Muhammad Havildar Aslam,PAK,2-44:33,1956
23,-,Dolfi Gruber,AUT,2-46:20,1956
24,-,Aurèle Vandendriessche,BEL,2-47:18,1956
25,-,Keith Ollerenshaw,AUS,2-48:12,1956
26,-,Myitung Naw,MYA,2-49:32,1956
27,-,Pavel Kantorek,TCH,2-52:05,1956
28,-,Kurt Hartung,GER,2-52:14,1956
29,-,Bashay Feleke,ETH,2-53:37,1956
30,-,Abdul Rashid,PAK,2-57:47,1956
31,-,Kanuti Sum,KEN,2-58:42,1956
32,-,Gebre Birkay,ETH,2-58:49,1956
33,-,Kurao Hiroshima,JPN,3-04:17,1956
DNF,-,Boris Grishayev,URS,-,1956
DNF,-,Jan Barnard,RSA,-,1956
DNF,-,Les Perry,AUS,-,1956
DNF,-,Fred Norris,GBR,-,1956
DNF,-,Albert Ivanov,URS,-,1956
DNF,-,Im Hwa-Dong,KOR,-,1956
DNF,-,Juan Silva,CHI,-,1956
DNF,-,Ron Clark,GBR,-,1956
DNF,-,Klaus Porbadnik,GER,-,1956
DNF,-,Rino Lavelli,ITA,-,1956
DNF,-,Eduardo Fontecilla,CHI,-,1956
DNF,-,Dean Thackwray,USA,-,1956
DNF,-,Ali Baghbanbashi,IRI,-,1956
DNS,-,Rudy Méndez,PUR,-,1956
DNS,-,Demissie Gamatcho,ETH,-,1956
1,-,Abebe Bikila,ETH,2-15:16.2,1960
2,-,Rhadi Ben Abdesselam,MAR,2-15:41.6,1960
3,-,Barry Magee,NZL,2-17:18.2,1960
4,-,Konstantin Vorobyov,URS,2-19:09.6,1960
5,-,Sergey Popov,URS,2-19:18.8,1960
6,-,Thyge Thøgersen,DEN,2-21:03.4,1960
7,-,Abebe Wakgira,ETH,2-21:09.4,1960
8,-,Bakir Ben Aissa,MAR,2-21:21.4,1960
9,-,Osvaldo Suárez,ARG,2-21:26.6,1960
10,-,Luka Škrinjar,YUG,2-21:40.2,1960
11,-,Nikolay Rumyantsev,URS,2-21:49.4,1960
12,-,Franjo Mihalić,YUG,2-21:52.6,1960
13,-,Keith James,RSA,2-22:58.6,1960
14,-,Pavel Kantorek,TCH,2-22:59.8,1960
15,-,Gumersindo Gómez,ARG,2-23:00.0,1960
16,-,Sonny O'Gorman,GBR,2-24:16.2,1960
17,-,Miguel Navarro,ESP,2-24:17.4,1960
18,-,Jeff Julian,NZL,2-24:50.6,1960
19,-,Johnny Kelley,USA,2-24:58.0,1960
20,-,Lee Chang-Hun,KOR,2-25:02.2,1960
21,-,Arnold Vaide,SWE,2-25:40.2,1960
22,-,Gerry McIntyre,IRL,2-26:03.0,1960
23,-,Olavi Manninen,FIN,2-26:33.0,1960
24,-,Eino Oksanen,FIN,2-26:38.0,1960
25,-,Arthur Keily,GBR,2-27:00.0,1960
26,-,Tor Torgersen,NOR,2-27:30.0,1960
27,-,Myitung Naw,MYA,2-28:17.0,1960
28,-,Bruno Bartholome,GER,2-28:39.0,1960
29,-,Brian Kilby,GBR,2-28:55.0,1960
30,-,Alex Breckenridge,USA,2-29:38.0,1960
31,-,Kurao Hiroshima,JPN,2-29:40.0,1960
32,-,Kazumi Watanabe,JPN,2-29:45.0,1960
33,-,Juan Silva,CHI,2-31:18.0,1960
34,-,Alain Mimoun,FRA,2-31:20.0,1960
35,-,Paul Genève,FRA,2-31:20.0,1960
36,-,Frans Künen,NED,2-31:25.0,1960
37,-,Francesco Perrone,ITA,2-31:32.0,1960
38,-,Silvio De Florentiis,ITA,2-31:54.0,1960
39,-,Linus Diaz,SRI,2-32:12.0,1960
40,-,Lal Chand,IND,2-32:13.0,1960
41,-,Johannes Lauridsen,DEN,2-32:32.0,1960
42,-,Willie Dunne,IRL,2-33:08.0,1960
43,-,Ian Sinfield,AUS,2-34:16.0,1960
44,-,Arthur Wittwer,SUI,2-34:42.2,1960
45,-,Jagmal Singh,IND,2-35:01.0,1960
46,-,Nobuyoshi Sadanaga,JPN,2-35:11.0,1960
47,-,Lee Sang-Cheol,KOR,2-35:14.0,1960
48,-,Gordon McKenzie,USA,2-35:16.0,1960
49,-,Ahmed Labidi,TUN,2-35:43.0,1960
50,-,Walter Lemos,ARG,2-36:55.0,1960
51,-,Ray Puckett,NZL,2-37:36.0,1960
52,-,Dolfi Gruber,AUT,2-37:40.0,1960
53,-,Antti Viskari,FIN,2-38:06.0,1960
54,-,Al Lawrence,AUS,2-38:46.0,1960
55,-,Gord Dickson,CAN,2-38:46.0,1960
56,-,Lothar Beckert,GER,2-40:10.0,1960
57,-,Günter Havenstein,GER,2-41:14.0,1960
58,-,Evert Nyberg,SWE,2-42:59.0,1960
59,-,Kanuti Sum,KEN,2-46:55.2,1960
60,-,Ranjit Bhatia,IND,2-57:06.0,1960
61,-,Allal Saoudi,MAR,2-59:41.0,1960
62,-,Alifu Massaquoi,LBR,3-43:18.0,1960
DNF,-,Hedi Dhaoui,TUN,-,1960
DNF,-,Vito Di Terlizzi,ITA,-,1960
DNF,-,Mouldi Essalhi,TUN,-,1960
DNF,-,Gerhart Hecker,HUN,-,1960
DNF,-,Kim Yeon-Beom,KOR,-,1960
DNF,-,Bertie Messitt,IRL,-,1960
DNF,-,Aurèle Vandendriessche,BEL,-,1960
DNS,-,Erik Östbye,SWE,-,1960
DNS,-,Tadeusz Starzyński-Starybrat,POL,-,1960
DNS,-,Dave Power,AUS,-,1960
DNS,-,Constantin Grecescu,ROU,-,1960
DNS,-,Cyprian Tseriwa,ZIM,-,1960
1,100,Abebe Bikila,ETH,2-12:11.2,1964
2,186,Basil Heatley,GBR,2-16:19.2,1964
3,795,Kokichi Tsuburaya,JPN,2-16:22.8,1964
4,187,Brian Kilby,GBR,2-17:02.4,1964
5,293,József Sütő,HUN,2-17:55.8,1964
6,758,Buddy Edelen,USA,2-18:12.4,1964
7,44,Aurèle Vandendriessche,BEL,2-18:42.6,1964
8,829,Kenji Kimihara,JPN,2-19:49.0,1964
9,12,Ron Clarke,AUS,2-20:26.8,1964
10,99,Demissie Wolde,ETH,2-21:25.2,1964
11,404,Lee Sang-Hun,KOR,2-22:02.8,1964
12,436,Bakir Ben Aissa,MAR,2-22:27.0,1964
13,115,Eino Oksanen,FIN,2-22:36.0,1964
14,722,Billy Mills,USA,2-22:55.4,1964
15,830,Toru Terasawa,JPN,2-23:09.0,1964
16,402,Kim Yeon-Beom,KOR,2-24:40.6,1964
17,363,Giorgio Jegher,ITA,2-24:45.2,1964
18,90,Václav Chudomel,TCH,2-24:46.8,1964
19,166,Ron Hill,GBR,2-25:34.4,1964
20,113,Paavo Pystynen,FIN,2-26:00.6,1964
21,428,Fidel Negrete,MEX,2-26:07.0,1964
22,690,Nikolay Tikhomirov,URS,2-26:07.4,1964
23,759,Pete McArdle,USA,2-26:24.4,1964
24,253,Heinrich Hagen,GER,2-26:39.8,1964
25,91,Pavel Kantorek,TCH,2-26:47.2,1964
26,692,Nikolay Abramov,URS,2-27:09.4,1964
27,475,Ray Puckett,NZL,2-27:34.0,1964
28,114,Eino Valle,FIN,2-27:34.8,1964
29,473,Jeff Julian,NZL,2-27:57.6,1964
30,74,Ricardo Vidal,CHI,2-28:01.6,1964
31,22,Bob Vagg,AUS,2-28:41.0,1964
32,590,Guido Vögele,SUI,2-29:17.8,1964
33,320,Balkrishan Akotkar,IND,2-29:27.4,1964
34,409,Jean Aniset,LUX,2-29:52.6,1964
35,54,Sumbwegum,MYA,2-30:35.8,1964
36,539,Constantin Grecescu,ROU,2-30:42.6,1964
37,292,János Pintér,HUN,2-30:50.2,1964
38,254,Gerhard Hönicke,GER,2-33:23.0,1964
39,255,Manfred Naumann,GER,2-33:42.0,1964
40,362,Antonino Ambu,ITA,2-34:37.6,1964
41,589,Oskar Leupi,SUI,2-35:05.4,1964
42,474,Ivan Keats,NZL,2-36:16.8,1964
43,319,Harbans Lal,IND,2-37:05.8,1964
44,522,Armando Aldegalega,POR,2-38:02.2,1964
45,389,Chrisantus Nyakwayo,KEN,2-38:38.6,1964
46,465,Constantino Kapambwe,ZAM,2-39:28.4,1964
47,595,Omari Abdallah,TAN,2-40:06.0,1964
48,482,Muhammad Youssef,PAK,2-40:46.0,1964
49,390,Naftali Temu,KEN,2-40:46.6,1964
50,403,Ju Hyeong-Gyeol,KOR,2-41:08.2,1964
51,531,Mathias Kanda,ZIM,2-41:09.0,1964
52,13,Tony Cook,AUS,2-42:03.6,1964
53,429,Víctor Peralta,MEX,2-44:23.6,1964
54,463,Trev Haynes,ZAM,2-45:08.6,1964
55,528,Abe Fornés,PUR,2-46:22.6,1964
56,530,Robson Mulombe,ZIM,2-49:30.8,1964
57,464,Laurent Chifita,ZAM,2-51:53.2,1964
58,608,Chanom Sirirangsri,THA,2-59:25.6,1964
DNF,324,Jim Hogan,IRL,-,1964
DNF,846,Ganga Bahadur Thapa,NEP,-,1964
DNF,845,Bhupendra Silwal,NEP,-,1964
DNF,691,Viktor Baykov,URS,-,1964
DNF,616,Mohamed Hadheb Hannachi,TUN,-,1964
DNF,391,Andrew Soi,KEN,-,1964
DNF,2,Osvaldo Suárez,ARG,-,1964
DNF,98,Mamo Wolde,ETH,-,1964
DNF,618,Hedhili Ben Boubaker,TUN,-,1964
DNF,780,Nguyễn Văn Lý,VNM,-,1964
DNS,45,Alberto Garabito,BOL,-,1964
DNS,46,Alejo Montano,BOL,-,1964
DNS,147,Jean-Louis Brugier,FRA,-,1964
DNS,411,Suliman Fighi Hassan,LBA,-,1964
DNS,538,Dumitru Chitoban,ROU,-,1964
DNS,60,Bruce Kidd,CAN,-,1964
DNS,291,Lajos Mecser,HUN,-,1964
DNS,413,Jean Randrianjatavo,MAD,-,1964
DNS,449,Ryu Man-Hyong,PRK,-,1964
DNS,67,Ranatunge Karunananda,SRI,-,1964
DNS,615,Mohamad Gammoudi,TUN,-,1964
1,329,Mamo Wolde,ETH,2-20:26.4,1968
2,544,Kenji Kimihara,JPN,2-23:31.0,1968
3,654,Mike Ryan,NZL,2-23:45.0,1968
4,783,İsmail Akçay,TUR,2-25:18.8,1968
5,383,Bill Adcocks,GBR,2-25:33.0,1968
6,326,Gabrou Merawi,ETH,2-27:16.8,1968
7,104,Derek Clayton,AUS,2-27:23.8,1968
8,408,Tim Johnston,GBR,2-28:04.4,1968
9,558,Akio Usami,JPN,2-28:06.2,1968
10,161,Andy Boychuk,CAN,2-28:40.2,1968
11,141,Gaston Roelants,BEL,2-29:04.8,1968
12,485,Pat McMahon,IRL,2-29:21.0,1968
13,621,Alfredo Peñaloza,MEX,2-29:48.8,1968
14,290,Kenny Moore,USA,2-29:49.4,1968
15,61,Jürgen Busch,GDR,2-30:42.6,1968
16,318,George Young,USA,2-31:15.0,1968
17,49,Manfred Steffny,FRG,2-31:23.8,1968
18,150,Sumbwegum,MYA,2-32:22.0,1968
19,575,Naftali Temu,KEN,2-32:36.0,1968
20,137,Maurice Peiren,BEL,2-32:49.0,1968
21,494,Antonino Ambu,ITA,2-33:19.6,1968
22,267,Ron Daws,USA,2-33:53.0,1968
23,44,Karl-Heinz Sievers,FRG,2-34:11.8,1968
24,474,Gyula Tóth,HUN,2-34:49.0,1968
25,784,Hüseyin Aktaş,TUR,2-35:09.5,1968
26,611,Pablo Garrido,MEX,2-35:47.8,1968
27,452,Aad Steylen,NED,2-37:42.0,1968
28,832,Anatoly Sukharkov,URS,2-38:07.4,1968
29,186,Lee Myeong-Jeong,KOR,2-38:52.2,1968
30,155,Ivaylo Sharankov,BUL,2-39:49.6,1968
31,502,Gioacchino De Palma,ITA,2-39:58.2,1968
32,743,Josef Gwerder,SUI,2-40:16.0,1968
33,39,Hubert Riesner,FRG,2-41:29.0,1968
34,231,Georg Olsen,DEN,2-42:24.6,1968
35,856,Douglas Zinkala,ZAM,2-42:51.0,1968
36,223,Ezequiel Baeza,CHI,2-43:15.6,1968
37,652,Dave McKenzie,NZL,2-43:36.6,1968
38,185,Kim Bong-Nae,KOR,2-43:56.0,1968
39,444,Carlos Cuque,GUA,2-45:20.4,1968
40,854,Godwin Kalimbwe,ZAM,2-45:26.8,1968
41,486,Mick Molloy,IRL,2-48:13.6,1968
42,156,Nikola Simeonov,BUL,2-48:30.4,1968
43,106,John Farrington,AUS,2-50:16.8,1968
44,747,Helmut Kunisch,SUI,2-50:58.2,1968
45,717,Alifu Massaquoi,SLE,2-52:28.0,1968
46,187,Lee Sang-Hun,KOR,2-52:46.2,1968
47,149,Hla Thein,MYA,2-54:03.6,1968
48,568,Paul Mose,KEN,2-55:17.0,1968
49,333,Benjamin Silva-Netto,PHI,2-56:19.4,1968
50,449,Harry Prowell,GUY,2-57:01.4,1968
51,179,Wimalasena Perera,SRI,2-59:05.8,1968
52,445,Fulgencio Hernández,GUA,3-00:40.2,1968
53,233,Gustavo Gutiérrez,ECU,3-03:07.0,1968
54,-,Martin Ande,NGR,3-03:47.6,1968
55,788,Mustafa Musa,UGA,3-04:53.8,1968
56,855,Enoch Muemba,ZAM,3-06:16.0,1968
57,768,John Stephen Akhwari,TAN,3-25:17.0,1968
DNF,742,Edgar Friedli,SUI,-,1968
DNF,577,Mraljeb Ayed Mansoor,KUW,-,1968
DNF,824,Mikhail Shakirov,URS,-,1968
DNF,576,Saoud Obaid Daifallah,KUW,-,1968
DNF,250,Carlos Pérez,ESP,-,1968
DNF,384,Jim Alder,GBR,-,1968
DNF,553,Seiichiro Sasaki,JPN,-,1968
DNF,163,Peter Buniak,CAN,-,1968
DNF,370,Guy Texereau,FRA,-,1968
DNF,851,Nedo Farčić,YUG,-,1968
DNF,353,René Combes,FRA,-,1968
DNF,839,Armando González,URU,-,1968
DNF,322,Abebe Bikila,ETH,-,1968
DNF,197,Rafael Pérez,CRC,-,1968
DNF,467,Lajos Mecser,HUN,-,1968
DNF,469,József Sütő,HUN,-,1968
DNF,610,José García,MEX,-,1968
DNF,340,Pentti Rummakko,FIN,-,1968
DNS,181,Hernán Barreneche,COL,-,1968
DNS,336,Jouko Kuha,FIN,-,1968
DNS,513,Ettore Milone,ITA,-,1968
DNS,835,Yury Volkov,URS,-,1968
DNS,451,Ton Eijkenboom,NED,-,1968
DNS,69,Jürgen Haase,GDR,-,1968
DNS,683,Edward Stawiarz,POL,-,1968
DNS,781,Mohamad Gammoudi,TUN,-,1968
DNS,324,Demissie Wolde,ETH,-,1968
1,1014,Frank Shorter,USA,2-12:19.8,1972
2,58,Karel Lismont,BEL,2-14:31.8,1972
3,194,Mamo Wolde,ETH,2-15:08.4,1972
4,1001,Kenny Moore,USA,2-15:39.8,1972
5,558,Kenji Kimihara,JPN,2-16:27.0,1972
6,289,Ron Hill,GBR,2-16:30.6,1972
7,298,Don Macgregor,GBR,2-16:34.4,1972
8,689,Jack Foster,NZL,2-16:56.2,1972
9,970,Jack Bacheler,USA,2-17:38.2,1972
10,175,Lengissa Bedane,ETH,2-18:36.8,1972
11,212,Seppo Nikkari,FIN,2-18:49.4,1972
12,569,Akio Usami,JPN,2-18:58.0,1972
13,28,Derek Clayton,AUS,2-19:49.6,1972
14,964,Yury Velikorodnykh,URS,2-20:02.2,1972
15,924,Anatolijus Baranovas,URS,2-20:10.4,1972
16,355,Paul Angenvoorth,FRG,2-20:19.0,1972
17,956,Richard Mabuza,SWZ,2-20:39.6,1972
18,193,Demissie Wolde,ETH,2-20:44.0,1972
19,214,Reino Paukkonen,FIN,2-21:06.4,1972
20,296,Colin Kirkham,GBR,2-21:54.8,1972
21,506,Antonio Brutti,ITA,2-22:12.0,1972
22,692,Dave McKenzie,NZL,2-22:19.2,1972
23,485,Dan McDaid,IRL,2-22:25.2,1972
24,527,Renato Martini,ITA,2-22:41.4,1972
25,336,Eckhard Lesse,GDR,2-22:49.6,1972
26,647,Jacinto Sabinal,MEX,2-22:56.6,1972
27,469,Gyula Tóth,HUN,2-22:59.8,1972
28,252,Fernand Kolbeck,FRA,2-23:01.2,1972
29,126,Hernán Barreneche,COL,2-23:40.0,1972
30,150,Jørgen Jensen,DEN,2-24:00.2,1972
31,403,Manfred Steffny,FRG,2-24:25.4,1972
32,392,Lutz Philipp,FRG,2-24:25.4,1972
33,465,Ferenc Szekeres,HUN,2-25:17.6,1972
34,691,Terry Manners,NZL,2-25:29.2,1972
35,956,Igor Shcherbak,URS,2-25:37.4,1972
36,568,Yoshiaki Unetani,JPN,2-25:59.0,1972
37,759,Kim Chang-Son,PRK,2-26:45.6,1972
38,513,Franco De Menego,ITA,2-26:52.2,1972
39,164,Agustín Fernández,ESP,2-27:14.2,1972
40,742,Edward Stawiarz,POL,2-28:12.4,1972
41,751,Armando Aldegalega,POR,2-28:24.6,1972
42,486,Des McGann,IRL,2-28:31.6,1972
43,438,Carlos Cuque,GUA,2-28:37.0,1972
44,833,Alfons Sidler,SUI,2-29:09.2,1972
45,645,Alfredo Peñaloza,MEX,2-29:51.0,1972
46,65,Walter Van Renterghem,BEL,2-29:58.4,1972
47,489,Donie Walsh,IRL,2-31:12.0,1972
48,127,Álvaro Mejía,COL,2-31:56.4,1972
49,760,Ryu Man-Hyong,PRK,2-32:29.4,1972
50,170,Carlos Pérez,ESP,2-33:22.6,1972
51,648,Rafael Tadeo,MEX,2-35:48.4,1972
52,128,Víctor Mora,COL,2-37:34.6,1972
53,9,Fernando Molina,ARG,2-38:18.6,1972
54,440,Julio Quevedo,GUA,2-40:38.6,1972
55,6,Ramón Cabrera,ARG,2-42:37.2,1972
56,629,Matthews Kambale,MAW,2-45:50.0,1972
57,67,Hla Thein,MYA,2-48:53.2,1972
58,69,Ricardo Condori,BOL,2-56:11.4,1972
59,916,Fulgence Rwabu,UGA,2-57:04.4,1972
60,656,Bhakta Bahadur Sapkota,NEP,2-57:58.8,1972
61,70,Crispin Quispe,BOL,3-07:22.8,1972
62,441,Maurice Charlotin,HAI,3-29:21.0,1972
DNF,4,Nazario Araújo,ARG,-,1972
DNF,223,Pekka Tiihonen,FIN,-,1972
DNF,71,Juvenal Rocha,BOL,-,1972
DNF,806,Jama Awil Aden,SOM,-,1972
DNF,62,Gaston Roelants,BEL,-,1972
DNF,108,Lucien Rosa,SRI,-,1972
DNF,864,Julius Wakachu,TAN,-,1972
DNF,-,İsmail Akçay,TUR,-,1972
DNF,-,Jit Bahadur Khatri Chhetri,NEP,-,1972
DNF,-,Rodolfo Gómez,NCA,-,1972
DNF,575,Richard Juma,KEN,-,1972
DNF,813,Shag Musa Medani,SUD,-,1972
DNS,875,Josef Jánský,TCH,-,1972
DNS,-,Hüseyin Aktaş,TUR,-,1972
1,387,Waldemar Cierpinski,GDR,2-09:55.0,1976
2,961,Frank Shorter,USA,2-10:45.8,1976
3,91,Karel Lismont,BEL,2-11:12.6,1976
4,937,Don Kardong,USA,2-11:15.8,1976
5,301,Lasse Virén,FIN,2-13:10.8,1976
6,148,Jerome Drayton,CAN,2-13:30.0,1976
7,893,Leonid Moseyev,URS,2-13:33.4,1976
8,548,Franco Fava,ITA,2-14:24.6,1976
9,882,Aleksandr Gotsky,URS,2-15:34.0,1976
10,99,Henri Schoofs,BEL,2-15:52.4,1976
11,510,Shivnath Singh,IND,2-16:22.0,1976
12,753,Chang Sop-Choe,PRK,2-16:33.2,1976
13,556,Massimo Magnani,ITA,2-16:56.4,1976
14,810,Göran Bengtsson,SWE,2-17:39.6,1976
15,728,Kazimierz Orzeł,POL,2-17:43.4,1976
16,294,Håkan Spik,FIN,2-17:50.6,1976
17,690,Jack Foster,NZL,2-17:53.4,1976
18,645,Mario Cuevas,MEX,2-18:08.8,1976
19,646,Rodolfo Gómez,MEX,2-18:21.2,1976
20,585,Shigeru So,JPN,2-18:26.0,1976
21,582,Noriyasu Mizukami,JPN,2-18:44.2,1976
22,750,Anacleto Pinto,POR,2-18:53.4,1976
23,761,José de Jesús,PUR,2-19:34.8,1976
24,907,Yury Velikorodnykh,URS,2-19:45.6,1976
25,486,Jos Hermens,NED,2-19:48.2,1976
26,374,Jeff Norman,GBR,2-20:04.8,1976
27,297,Jukka Toivola,FIN,2-20:26.6,1976
28,235,Jørgen Jensen,DEN,2-20:44.6,1976
29,465,Michail Koussis,GRE,2-21:42.0,1976
30,156,Tom Howard,CAN,2-22:08.8,1976
31,351,Keith Angus,GBR,2-22:18.6,1976
32,587,Akio Usami,JPN,2-22:29.6,1976
33,223,Rigoberto Mendoza,CUB,2-22:43.2,1976
34,322,Fernand Kolbeck,FRA,2-22:56.8,1976
35,62,Chris Wardlaw,AUS,2-23:56.8,1976
36,176,Wayne Yetman,CAN,2-24:17.4,1976
37,856,Hüseyin Aktaş,TUR,2-24:30.0,1976
38,857,Veli Balli,TUR,2-24:47.0,1976
39,518,Jim McNamara,IRL,2-24:57.2,1976
40,956,Bill Rodgers,USA,2-25:14.8,1976
41,490,Hipólito López,HON,2-26:00.0,1976
42,517,Dan McDaid,IRL,2-27:07.2,1976
43,701,Eusebio Cardozo,PAR,2-27:22.8,1976
44,757,Kim Chang-Son,PRK,2-27:38.8,1976
45,383,Barry Watson,GBR,2-28:32.2,1976
46,247,Agustín Fernández,ESP,2-28:37.8,1976
47,710,Jerzy Gros,POL,2-28:45.8,1976
48,197,Jairo Cubillos,COL,2-29:04.4,1976
49,491,Luis Raudales,HON,2-29:25.0,1976
50,655,Baikuntha Manandhar,NEP,2-30:07.0,1976
51,241,Antonio Baños,ESP,2-31:01.6,1976
52,754,Koh Chun-Son,PRK,2-31:54.8,1976
53,767,Víctor Serrano,PUR,2-34:59.6,1976
54,433,Günter Mielke,FRG,2-35:44.8,1976
55,515,Neil Cusack,IRL,2-35:47.2,1976
56,674,Tau John Tokwepota,PNG,2-38:04.6,1976
57,702,Víctor Idava,PHI,2-38:23.2,1976
58,108,Ray Swan,BER,2-39:18.4,1976
59,676,John Kokinai,PNG,2-41:49.0,1976
60,113,Lucio Guachalla,BOL,2-45:31.8,1976
DNF,199,Rafael Mora,COL,-,1976
DNF,481,Thancule Dezart,HAI,-,1976
DNF,50,Dave Chettle,AUS,-,1976
DNF,251,Santiago Manguán,ESP,-,1976
DNF,58,Ross Haywood,AUS,-,1976
DNF,543,Giuseppe Cindolo,ITA,-,1976
DNF,693,Kevin Ryan,NZL,-,1976
DNS,98,Gaston Roelants,BEL,-,1976
DNS,479,Olmeus Charles,HAI,-,1976
DNS,752,Carlos Lopes,POR,-,1976
DNS,778,Ilie Floroiu,ROU,-,1976
1,297,Waldemar Cierpinski,GDR,2-11:03,1980
2,360,Gerard Nijboer,NED,2-11:20,1980
3,700,Satymkul Dzhumanazarov,URS,2-11:35,1980
4,709,Vladimir Kotov,URS,2-12:05,1980
5,719,Leonid Moseyev,URS,2-12:14,1980
6,492,Rodolfo Gómez,MEX,2-12:39,1980
7,183,Dereje Nedi,ETH,2-12:44,1980
8,429,Massimo Magnani,ITA,2-13:12,1980
9,44,Karel Lismont,BEL,2-13:27,1980
10,16,Rob de Castella,AUS,2-14:31,1980
11,340,Hans-Joachim Truppel,GDR,2-14:55,1980
12,389,Ferenc Szekeres,HUN,2-15:18,1980
13,51,Marc Smet,BEL,2-16:00,1980
14,648,Emmanuel Ndiemandoi,TAN,2-16:47,1980
15,650,Gidamis Shahanga,TAN,2-16:47,1980
16,560,Anacleto Pinto,POR,2-17:04,1980
17,119,Domingo Tibaduiza,COL,2-17:06,1980
18,49,Henri Schoofs,BEL,2-17:28,1980
19,628,Kjell-Erik Ståhl,SWE,2-17:44,1980
20,350,Michail Koussis,GRE,2-18:02,1980
21,301,Jürgen Eberding,GDR,2-18:04,1980
22,145,Eleuterio Antón,ESP,2-18:16,1980
23,646,Leodigard Martin,TAN,2-18:21,1980
24,166,Moges Alemayehu,ETH,2-18:40,1980
25,486,Jules Randrianarivelo,MAD,2-19:23,1980
26,543,Zbigniew Pierzynka,POL,2-20:03,1980
27,563,Koh Chun-Son,PRK,2-20:08,1980
28,26,Chris Wardlaw,AUS,2-20:42,1980
29,564,Li Jong-Hyung,PRK,2-21:10,1980
30,626,Tommy Persson,SWE,2-21:11,1980
31,394,Hari Chand,IND,2-22:08,1980
32,217,Håkan Spik,FIN,2-22:24,1980
33,562,Chang Sop-Choe,PRK,2-22:42,1980
34,117,Luis Barbosa,COL,2-22:58,1980
35,431,Marco Marchei,ITA,2-23:21,1980
36,479,Vincent Rakabaele,LES,2-23:29,1980
37,507,Baikuntha Manandhar,NEP,2-23:51,1980
38,407,Dick Hooper,IRL,2-23:53,1980
39,33,Josef Steiner,AUT,2-24:24,1980
40,617,Joseph Peter,SUI,2-24:53,1980
41,363,Cor Vriend,NED,2-26:41,1980
42,406,Pat Hooper,IRL,2-30:28,1980
43,769,Buumba Halwand,ZAM,2-36:51,1980
44,475,Issa Chetoui,LBA,2-38:01,1980
45,509,Mukunda Hari Shrestha,NEP,2-38:52,1980
46,599,Baba Ibrahim Suma-Keita,SLE,2-41:20,1980
47,65,Khin Soe,MYA,2-41:41,1980
48,776,Damiano Musonda,ZAM,2-42:11,1980
49,470,Enemri Najem Al-Marghani,LBA,2-42:27,1980
50,753,Nguyễn Quyễn,VIE,2-44:37,1980
51,777,Tapfumaneyi Jonga,ZIM,2-47:17,1980
52,111,Emmanuel M'Pioh,CGO,2-48:17,1980
53,779,Abel Nkhoma,ZIM,2-53:35,1980
DNF,127,Radamés González,CUB,-,1980
DNF,460,Shivnath Singh,IND,-,1980
DNF,541,Ryszard Marczak,POL,-,1980
DNF,547,Andrzej Sajkowski,POL,-,1980
DNF,667,Vlastimil Zwiefelhofer,TCH,-,1980
DNF,252,Dave Black,GBR,-,1980
DNF,259,Bernie Ford,GBR,-,1980
DNF,223,Lasse Virén,FIN,-,1980
DNF,7,Abdel Madjid Mada,ALG,-,1980
DNF,229,Jean-Michel Charbonnel,FRA,-,1980
DNF,625,Göran Högberg,SWE,-,1980
DNF,14,Gerard Barrett,AUS,-,1980
DNF,657,Josef Jánský,TCH,-,1980
DNF,587,Albert Marie,SEY,-,1980
DNF,483,Nabil Chouéry,LBN,-,1980
DNF,168,Kebede Balcha,ETH,-,1980
DNF,141,Jørn Lauenborg,DEN,-,1980
DNF,204,Jouni Kortelainen,FIN,-,1980
DNF,768,Patrick Chiwala,ZAM,-,1980
DNF,288,Ian Thompson,GBR,-,1980
DNF,476,Kenneth Hlasa,LES,-,1980
DNS,409,John Treacy,IRL,-,1980
DNS,778,Laswell Ngoma,ZIM,-,1980
1,723,Carlos Lopes,POR,2-09:21,1984
2,471,John Treacy,IRL,2-09:56,1984
3,396,Charlie Spedding,GBR,2-09:58,1984
4,566,Takeshi So,JPN,2-10:55,1984
5,25,Rob de Castella,AUS,2-11:09,1984
6,824,Juma Ikangaa,TAN,2-11:10,1984
7,594,Joseph Nzau,KEN,2-11:28,1984
8,205,Djama Robleh,DJI,2-11:39,1984
9,466,Jerry Kiernan,IRL,2-12:20,1984
10,688,Rod Dixon,NZL,2-12:57,1984
11,932,Pete Pfitzinger,USA,2-13:53,1984
12,374,Hugh Jones,GBR,2-13:57,1984
13,731,Jorge González,PUR,2-14:00,1984
14,563,Toshihiko Seko,JPN,2-14:13,1984
15,936,Alberto Salazar,USA,2-14:19,1984
16,862,Mehmet Terzi,TUR,2-14:20,1984
17,565,Shigeru So,JPN,2-14:38,1984
18,333,Ralf Salzmann,FRG,2-15:29,1984
19,201,Henrik Jørgensen,DEN,2-15:55,1984
20,204,Ahmed Salah,DJI,2-15:59,1984
21,1010,Agapius Amo,TAN,2-16:25,1984
22,827,Gidamis Shahanga,TAN,2-16:27,1984
23,104,Eloi Schleder,BRA,2-16:35,1984
24,69,Karel Lismont,BEL,2-17:07,1984
25,202,Allan Zachariasen,DEN,2-17:10,1984
26,427,Michail Koussis,GRE,2-17:38,1984
27,269,Pertti Tiainen,FIN,2-17:43,1984
28,291,Alain Lazare,FRA,2-17:52,1984
29,878,Vincent Ruguga,UGA,2-17:54,1984
30,70,Armand Parmentier,BEL,2-18:10,1984
31,734,César Mercado,PUR,2-19:09,1984
32,203,Abdillahi Charmaké,DJI,2-19:11,1984
33,676,Øivind Dahl,NOR,2-19:28,1984
34,689,Derek Froude,NZL,2-19:44,1984
35,499,Giovanni D'Aleo,ITA,2-20:12,1984
36,640,Jesús Herrera,MEX,2-20:33,1984
37,606,Lee Hong-Yeol,KOR,2-20:56,1984
38,83,Juan Camacho,BOL,2-21:04,1984
39,447,Cor Vriend,NED,2-21:08,1984
40,611,Frans Ntaole,LES,2-21:09,1984
41,68,Johan Geirnaert,BEL,2-21:35,1984
42,274,Jacky Boxberger,FRA,2-22:00,1984
43,506,Marco Marchei,ITA,2-22:38,1984
44,113,Art Boileau,CAN,2-22:43,1984
45,818,Sam Hlawe,SWZ,2-22:45,1984
46,654,Baikuntha Manandhar,NEP,2-22:51,1984
47,775,Ahmed Mohamed Ismail,SOM,2-23:27,1984
48,600,Chae Hong-Nak,KOR,2-23:33,1984
49,596,Joseph Otieno,KEN,2-24:13,1984
50,789,Bruno Lafranchi,SUI,2-24:38,1984
51,465,Dick Hooper,IRL,2-24:41,1984
52,535,Derrick Adamson,JAM,2-25:02,1984
53,616,Claudio Cabán,PUR,2-27:16,1984
54,728,Marc Agosta,LUX,2-27:41,1984
55,90,Wilson Theleso,BOT,2-29:20,1984
56,160,Alejandro Silva,CHI,2-29:53,1984
57,843,Chen Chang-Ming,TPE,2-29:57,1984
58,605,Kim Won-Sik,KOR,2-30:57,1984
59,17,Rubén Aguiar,ARG,2-31:18,1984
60,480,Shem-Tov Sabag,ISR,2-31:34,1984
61,612,Vincent Rakabaele,LES,2-32:15,1984
62,200,Marios Kassianidis,CYP,2-32:51,1984
63,656,Arjun Pandit,NEP,2-32:53,1984
64,555,Ismael Mahmoud Ghassab,JOR,2-33:30,1984
65,114,Alain Bordeleau,CAN,2-34:27,1984
66,674,Tau John Tokwepota,PNG,2-36:36,1984
67,968,Patric Nyambariro-Nhauro,ZIM,2-37:18,1984
68,592,Kimurgor Ngeny,KEN,2-37:19,1984
69,657,Amiri Yadav,NEP,2-38:10,1984
70,110,Adolphe Ambowodé,CAF,2-41:26,1984
71,969,Carlos Ávila,HON,2-42:03,1984
72,619,Jules Randrianarivelo,MAD,2-43:05,1984
73,772,Abdul Lahij Ahmed,SOM,2-44:39,1984
74,627,George Mambosasa,MAW,2-46:14,1984
75,488,Marlon Williams,ISV,2-46:50,1984
76,88,Johnson Mbangiwa,BOT,2-48:12,1984
77,717,Leonardo Illut,PHI,2-49:39,1984
78,984,Dieudonné Lamothe,HAI,2-52:18,1984
DNF,626,Matthews Kambale,MAW,-,1984
DNF,742,Ibrahim Al-Taher,QAT,-,1984
DNF,191,Domingo Tibaduiza,COL,-,1984
DNF,863,Mehmet Yurdadön,TUR,-,1984
DNF,811,Tommy Persson,SWE,-,1984
DNF,87,Bigboy Matlapeng,BOT,-,1984
DNF,701,Awadh Al-Sameer,OMA,-,1984
DNF,118,Dave Edge,CAN,-,1984
DNF,719,Cidálio Caetano,POR,-,1984
DNF,944,John Tuttle,USA,-,1984
DNF,872,Wilson Achia,UGA,-,1984
DNF,43,Gerhard Hartmann,AUT,-,1984
DNF,445,Cor Lambregts,NED,-,1984
DNF,965,Tommy Lazarus,ZIM,-,1984
DNF,194,Ronaldo Lanzoni,CRC,-,1984
DNF,446,Gerard Nijboer,NED,-,1984
DNF,225,Santiago de la Parte,ESP,-,1984
DNF,860,Ahmet Altun,TUR,-,1984
DNF,243,Juan Carlos Traspaderne,ESP,-,1984
DNF,814,Kjell-Erik Ståhl,SWE,-,1984
DNF,638,Rodolfo Gómez,MEX,-,1984
DNF,395,Geoff Smith,GBR,-,1984
DNF,681,Stig Roar Husby,NOR,-,1984
DNF,725,Delfim Moreira,POR,-,1984
DNF,635,Miguel Ángel Cruz,MEX,-,1984
DNF,158,Omar Aguilar,CHI,-,1984
DNF,992,Nimley Twegbe,LBR,-,1984
DNF,962,Masini Situ-Kumbanga,COD,-,1984
DNF,198,Filippos Filippou,CYP,-,1984
DNS,271,Martti Vainio,FIN,-,1984
1,579,Gelindo Bordin,ITA,2-10:32,1988
2,675,Douglas Wakiihuri,KEN,2-10:47,1988
3,236,Ahmed Salah,DJI,2-10:59,1988
4,635,Takeyuki Nakayama,JPN,2-11:05,1988
5,44,Steve Moneghetti,AUS,2-11:49,1988
6,455,Charlie Spedding,GBR,2-12:19,1988
7,968,Juma Ikangaa,TAN,2-13:06,1988
8,38,Rob de Castella,AUS,2-13:07,1988
9,638,Toshihiko Seko,JPN,2-13:41,1988
10,1040,Ravil Kashapov,URS,2-13:49,1988
11,764,Jesús Herrera,MEX,2-13:58,1988
12,818,John Campbell,NZL,2-14:08,1988
13,515,Gerard Nijboer,NED,2-14:40,1988
14,1119,Pete Pfitzinger,USA,2-14:44,1988
15,516,Marti ten Kate,NED,2-14:53,1988
16,598,Orlando Pizzolato,ITA,2-15:20,1988
17,640,Hisatoshi Shintaku,JPN,2-15:42,1988
18,690,Kim Won-Tak,KOR,2-15:44,1988
19,599,Gianni Poli,ITA,2-16:07,1988
20,506,Dieudonné Lamothe,HAI,2-16:15,1988
21,433,Dave Long,GBR,2-16:18,1988
22,233,Henrik Jørgensen,DEN,2-16:40,1988
23,382,Ralf Salzmann,FRG,2-16:54,1988
24,548,Dick Hooper,IRL,2-17:16,1988
25,1161,Mirko Vindiš,YUG,2-17:47,1988
26,197,Cai Shangyan,CHN,2-17:54,1988
27,876,Joaquim Silva,POR,2-18:05,1988
28,145,Art Boileau,CAN,2-18:20,1988
29,1091,Ed Eyestone,USA,2-19:09,1988
30,740,Noureddine Sobhi,MAR,2-19:56,1988
31,703,Yu Jae-Seong,KOR,2-20:11,1988
32,1015,Mehmet Terzi,TUR,2-20:12,1988
33,420,Kevin Forster,GBR,2-20:45,1988
34,108,Bigboy Matlapeng,BOT,2-20:51,1988
35,7,Allaoua Khellil,ALG,2-21:12,1988
36,730,Justin Gloden,LUX,2-22:14,1988
37,327,Alex Gonzalez,FRA,2-22:24,1988
38,209,Zhang Guowei,CHN,2-22:49,1988
39,224,Pedro Ortiz,COL,2-23:34,1988
40,227,Ronaldo Lanzoni,CRC,2-23:45,1988
41,35,Brad Camp,AUS,2-23:49,1988
42,144,Adolphe Ambowodé,CAF,2-23:52,1988
43,967,John Burra,TAN,2-24:17,1988
44,961,Sam Hlawe,SWZ,2-24:42,1988
45,226,Juan Amores,CRC,2-24:49,1988
46,165,Peter Maher,CAN,2-24:49,1988
47,1180,Abdou Manzo,NIG,2-25:05,1988
48,122,Diamantino dos Santos,BRA,2-25:13,1988
49,238,Omar Moussa,DJI,2-25:25,1988
50,768,Carlos Rétiz,MEX,2-25:34,1988
51,32,Gary Fanelli,ASA,2-25:35,1988
52,559,John Woods,IRL,2-25:38,1988
53,964,Gideon Mthembu,SWZ,2-25:56,1988
54,784,Baikuntha Manandhar,NEP,2-25:57,1988
55,974,Karel David,TCH,2-26:12,1988
56,121,Ivo Rodrígues,BRA,2-26:27,1988
57,766,Martín Mondragón,MEX,2-27:10,1988
58,960,Vusie Dlamini,SWZ,2-28:06,1988
59,1182,Inni Aboubacar,NIG,2-28:15,1988
60,804,Yohanna Waziri,NGR,2-29:14,1988
61,726,Noheku Nteso,LES,2-29:44,1988
62,1018,Benjamin Longiros,UGA,2-30:29,1988
63,1023,Vincent Ruguga,UGA,2-31:04,1988
64,252,Alfonso Abellán,ESP,2-31:10,1988
65,933,Vithanakande Samarasinghe,SRI,2-31:29,1988
66,782,Tika Bogati,NEP,2-31:49,1988
67,149,Dave Edge,CAN,2-32:19,1988
68,228,Luis López,CRC,2-32:43,1988
69,105,Juan Camacho,BOL,2-34:41,1988
70,796,Abbas Mohamed,NGR,2-35:26,1988
71,1013,Ahmet Altun,TUR,2-37:44,1988
72,1171,James Gombedza,ZIM,2-38:13,1988
73,1164,Kamana Koji,COD,2-38:34,1988
74,13,João Carvalho,ANG,2-40:45,1988
75,805,Aaron Dupnai,PNG,2-41:47,1988
76,295,Binesh Prasad,FIJ,2-41:50,1988
77,568,Calvin Dallas,ISV,2-42:19,1988
78,894,Telesphore Dusabe,RWA,2-42:52,1988
79,102,Eugène Muslar,BIZ,2-43:29,1988
80,1181,Hassan Karimou,NIG,2-43:51,1988
81,573,Wallace Williams,ISV,2-44:40,1988
82,725,Mohala Mohloli,LES,2-44:44,1988
83,827,Awadh Al-Sameer,OMA,2-46:59,1988
84,610,Derrick Adamson,JAM,2-47:57,1988
85,781,Krishna Bahadur Basnet,NEP,2-47:57,1988
86,501,Fred Schumann,GUM,2-49:52,1988
87,743,John Mwathiwa,MAW,2-51:43,1988
88,572,Marlon Williams,ISV,2-52:06,1988
89,1166,Kaleka Mutoke,COD,2-55:21,1988
90,503,James Walker,GUM,2-56:32,1988
91,931,Mohiddin Mohamed Kulmiye,SOM,2-58:10,1988
92,1020,Fred Ogwang,UGA,2-59:35,1988
93,560,Naser Babapour,IRI,3-00:20,1988
94,502,Joe Taitano,GUM,3-03:19,1988
95,919,Baba Ibrahim Suma-Keita,SLE,3-04:00,1988
96,1205,Alassane Bah,GUI,3-06:27,1988
97,1141,Nguyễn Văn Thuyết,VIE,3-10:57,1988
98,99,Polin Belisle,BIZ,3-14:02,1988
DNF,-,Ibrahim Hussein,KEN,-,1988
DNF,-,Jörg Peter,GDR,-,1988
DNF,-,John Treacy,IRL,-,1988
DNF,-,Moustafa El-Nechchadi,MAR,-,1988
DNF,-,Geir Kvernmo,NOR,-,1988
DNF,-,Bruno Lafranchi,SUI,-,1988
DNF,-,Alain Lazare,FRA,-,1988
DNF,-,Paulo Catarino,POR,-,1988
DNF,-,Omar Aguilar,CHI,-,1988
DNF,-,Dirk Vanderherten,BEL,-,1988
DNF,-,Mark Conover,USA,-,1988
DNF,-,Gwon Seong-Nak,KOR,-,1988
DNF,-,Honorato Hernández,ESP,-,1988
DNF,990,Martin Vrábeľ,TCH,-,1988
DNF,925,John Maeke,SOL,-,1988
DNF,742,George Mambosasa,MAW,-,1988
DNF,-,Abdul Haji Abdul Latheef,MDV,-,1988
DNF,-,Hussein Haleem,MDV,-,1988
DNF,-,Ahmed Mohamed Ismail,SOM,-,1988
DNF,-,Joseph Kipsang,KEN,-,1988
1,1147,Hwang Yeong-Jo,KOR,2-13:23,1992
2,1087,Koichi Morishita,JPN,2-13:45,1992
3,800,Stephan Freigang,GER,2-14:00,1992
4,1088,Takeyuki Nakayama,JPN,2-14:02,1992
5,992,Salvatore Bettiol,ITA,2-14:15,1992
6,1211,Salah Qoqaïche,MAR,2-14:25,1992
7,1369,Jan Huruk,POL,2-14:32,1992
8,1100,Hiromi Taniguchi,JPN,2-14:42,1992
9,419,Diego García,ESP,2-14:56,1992
10,1150,Kim Jae-Ryong,KOR,2-15:01,1992
11,593,Harri Hänninen,FIN,2-15:19,1992
12,1764,Steve Spence,USA,2-15:21,1992
13,1695,Ed Eyestone,USA,2-15:23,1992
14,1132,Boniface Merande,KEN,2-15:46,1992
15,1290,Bert van Vlaanderen,NED,2-15:47,1992
16,1335,Rex Wilson,NZL,2-15:51,1992
17,1724,Bob Kempainen,USA,2-15:53,1992
18,421,Rodrigo Gavela,ESP,2-16:23,1992
19,1595,Karel David,TCH,2-16:34,1992
20,1361,Leszek Bebło,POL,2-16:38,1992
21,1379,Wiesław Perszke,POL,2-16:38,1992
22,568,Yakov Tolstikov,EUN,2-17:04,1992
23,468,Tena Negere,ETH,2-17:07,1992
24,141,Osmiro Silva,BRA,2-17:16,1992
25,1475,Abel Mokibe,RSA,2-17:24,1992
26,41,Rob de Castella,AUS,2-17:44,1992
27,1831,Steve Brace,GBR,2-17:49,1992
28,1152,Kim Wan-Gi,KOR,2-18:32,1992
29,1243,Isidro Rico,MEX,2-18:52,1992
30,384,Ahmed Salah,DJI,2-19:04,1992
31,620,Dominique Chauvelier,FRA,2-19:09,1992
32,436,José Esteban Montiel,ESP,2-19:15,1992
33,1177,Thabiso Moqhali,LES,2-19:28,1992
34,1590,Juma Ikangaa,TAN,2-19:34,1992
35,1324,Derek Froude,NZL,2-19:37,1992
36,1142,Douglas Wakiihuri,KEN,2-19:38,1992
37,1114,Ibrahim Hussein,KEN,2-19:49,1992
38,916,Gyula Borka,HUN,2-20:46,1992
39,732,Dave Long,GBR,2-20:51,1992
40,1523,Mirko Vindiš,SLO,2-21:03,1992
41,698,Paul Davies-Hale,GBR,2-21:15,1992
42,1581,Elphas Ginindza,SWZ,2-21:15,1992
43,390,Rolando Vera,ECU,2-21:30,1992
44,1004,Alessio Faustini,ITA,2-21:37,1992
45,665,Luis Soares,FRA,2-21:57,1992
46,314,Paul Kuété,CMR,2-22:43,1992
47,81,Helmut Schmuck,AUT,2-23:38,1992
48,57,Steve Moneghetti,AUS,2-23:42,1992
49,794,Konrad Dobler,GER,2-23:44,1992
50,1808,Willy Kalombo,COD,2-23:47,1992
51,964,John Treacy,IRL,2-24:11,1992
52,1355,Herman Suizo,PHI,2-25:18,1992
53,30,Kim Reynierse,ARU,2-25:31,1992
54,1663,Nelson Zamora,URU,2-25:32,1992
55,1545,Danny Böltz,SUI,2-25:50,1992
56,153,Joseildo da Silva,BRA,2-26:00,1992
57,126,Juan Camacho,BOL,2-26:01,1992
58,1822,Cephas Matafi,ZIM,2-26:17,1992
59,12,Mohamed Salmi,ALG,2-26:56,1992
60,1493,Ildephonse Sehirwa,RWA,2-27:44,1992
61,1865,Zerehune Gizaw,ETH,2-28:25,1992
62,265,Jaime Ojeda,CHI,2-28:39,1992
63,1219,Smartex Tambala,MAW,2-29:02,1992
64,673,Pascal Zilliox,FRA,2-30:02,1992
65,329,Luis López,CRC,2-30:26,1992
66,1526,Gian Luigi Macina,SMR,2-30:45,1992
67,1312,Abdou Manzo,NIG,2-31:15,1992
68,1184,Roland Wille,LIE,2-31:32,1992
69,1273,Frank Kayele,NAM,2-31:41,1992
70,1292,Hari Rokaya,NEP,2-32:26,1992
71,1538,Kuruppu Karunaratne,SRI,2-32:26,1992
72,952,Tommy Hughes,IRL,2-32:55,1992
73,1275,William Aguirre,NCA,2-34:18,1992
74,196,Ferdinand Amadi,CAF,2-35:39,1992
75,1175,Mohamed Khamis Taher,LBA,2-35:46,1992
76,902,Dieudonné Lamothe,HAI,2-36:11,1992
77,1270,Myint Kan,MYA,2-37:39,1992
78,974,Calvin Dallas,ISV,2-38:11,1992
79,165,Saad Mubarak Ali,BRN,2-39:19,1992
80,1423,Ryu Ok-Hyon,PRK,2-40:51,1992
81,1197,Alain Razahasoa,MAD,2-41:41,1992
82,1658,Michael Lopeyok,UGA,2-42:54,1992
83,133,Benjamin Keleketu,BOT,2-45:57,1992
84,1587,Moussa El-Hariri,SYR,2-47:06,1992
85,1793,Lưu Văn Hùng,VIE,2-56:42,1992
86,1221,Hussein Haleem,MDV,3-04:16,1992
87,1251,Pyambuugiin Tuul,MGL,4-00:44,1992
DNF,380,Talal Omar Abdillahi,DJI,-,1992
DNF,907,Polin Belisle,HON,-,1992
DNF,994,Gelindo Bordin,ITA,-,1992
DNF,1589,John Burra,TAN,-,1992
DNF,1389,Dionísio Castro,POR,-,1992
DNF,1230,Dionicio Cerón,MEX,-,1992
DNF,340,Alberto Cuba,CUB,-,1992
DNF,1279,Tonnie Dirks,NED,-,1992
DNF,142,Diamantino dos Santos,BRA,-,1992
DNF,1428,Jorge González,PUR,-,1992
DNF,230,Peter Maher,CAN,-,1992
DNF,470,Abebe Mekonnen,ETH,-,1992
DNF,1266,Mohamed Ould Khalifa,MTN,-,1992
DNF,1412,Joaquim Pinheiro,POR,-,1992
DNF,1413,António Pinto,POR,-,1992
DNF,582,Binesh Prasad,FIJ,-,1992
DNF,322,Carlos Grisales,COL,-,1992
DNF,962,Andy Ronan,IRL,-,1992
DNF,1480,Zithulele Sinque,RSA,-,1992
DNF,1274,Lucketz Swartbooi,NAM,-,1992
DNF,931,Csaba Szűcs,HUN,-,1992
DNF,1591,Simon Robert Naali,TAN,-,1992
DNF,1481,Jan Tau,RSA,-,1992
DNS,1236,Salvador García,MEX,-,1992
DNS,490,Vladimir Bukhanov,EUN,-,1992
1,2122,Josia Thugwane,RSA,2-12:36,1996
2,1832,Lee Bong-Ju,KOR,2-12:39,1996
3,1819,Eric Wainaina,KEN,2-12:44,1996
4,1344,Martín Fiz,ESP,2-13:20,1996
5,1500,Richard Nerurkar,GBR,2-13:39,1996
6,1938,Germán Silva,MEX,2-14:29,1996
7,1055,Steve Moneghetti,AUS,2-14:35,1996
8,1932,Benjamín Paredes,MEX,2-14:55,1996
9,1709,Danilo Goffi,ITA,2-15:08,1996
10,1162,Luiz dos Santos,BRA,2-15:55,1996
11,1249,Carlos Grisales,COL,2-15:56,1996
12,1831,Kim I-Yong,KOR,2-16:17,1996
13,2451,Tendai Chimusasa,ZIM,2-16:31,1996
14,2076,António Pinto,POR,2-16:41,1996
15,1929,Dionicio Cerón,MEX,2-16:48,1996
16,2446,Willy Kalombo,COD,2-17:01,1996
17,2044,Leszek Bebło,POL,2-17:04,1996
18,1353,Alberto Juzdado,ESP,2-17:24,1996
19,1772,Hiromi Taniguchi,JPN,2-17:26,1996
20,1695,Salvatore Bettiol,ITA,2-17:27,1996
21,1199,Peter Fonseca,CAN,2-17:28,1996
22,1327,Rolando Vera,ECU,2-17:40,1996
23,1042,Rod de Highden,AUS,2-17:42,1996
24,1261,José Luis Molina,CRC,2-17:49,1996
25,2063,Domingos Castro,POR,2-18:03,1996
26,2295,Tahar Mansouri,TUN,2-18:06,1996
27,2481,Lawrence Peu,RSA,2-18:09,1996
28,2333,Keith Brantly,USA,2-18:17,1996
29,1886,Thabisio Ralekhetla,LES,2-18:26,1996
30,1183,Hristo Stefanov,BUL,2-18:29,1996
31,2371,Bob Kempainen,USA,2-18:38,1996
32,1408,Harri Hänninen,FIN,2-18:41,1996
33,2123,Gert Thys,RSA,2-18:55,1996
34,1058,Sean Quilty,AUS,2-19:35,1996
35,1206,Carey Nelson,CAN,2-19:39,1996
36,1599,Spyros Andriopoulos,GRE,2-19:41,1996
37,2167,Oleg Strizhakov,RUS,2-19:51,1996
38,2083,Kim Jung-Won,PRK,2-19:54,1996
39,1196,Bruce Deacon,CAN,2-19:56,1996
40,2082,Kim Jong-Su,PRK,2-20:19,1996
41,2343,Mark Coogan,USA,2-20:27,1996
42,1320,Ahmed Salah,DJI,2-20:33,1996
43,2318,Petro Sarafyniuk,UKR,2-20:37,1996
44,1905,Abdel Kader El-Mouaziz,MAR,2-20:39,1996
45,1976,Bert van Vlaanderen,NED,2-20:48,1996
46,2074,Manuel Matias,POR,2-20:58,1996
47,1151,Vanderlei de Lima,BRA,2-21:01,1996
48,1541,Konrad Dobler,GER,2-21:12,1996
49,2440,Borislav Dević,SCG,2-21:22,1996
50,1714,Davide Milesi,ITA,2-21:45,1996
51,1866,Aleksandrs Prokopčuks,LAT,2-21:50,1996
52,1787,Lameck Aguta,KEN,2-22:04,1996
53,1346,Diego García,ESP,2-22:11,1996
54,1769,Masaki Oya,JPN,2-22:13,1996
55,1515,Peter Whitehead,GBR,2-22:37,1996
56,1789,Ezequiel Bitok,KEN,2-23:03,1996
57,2284,Hsu Gi-Sheng,TPE,2-23:04,1996
58,1380,Pavel Loskutov,EST,2-23:14,1996
59,2421,Rubén Maza,VEN,2-23:24,1996
60,1470,Steve Brace,GBR,2-23:28,1996
61,2046,Grzegorz Gajdus,POL,2-23:41,1996
62,2264,Isaac Simelane,SWZ,2-23:43,1996
63,1821,Nazirdin Alikbekov,KGZ,2-23:59,1996
64,2259,Anders Szalkai,SWE,2-24:27,1996
65,2474,John Mwathiwa,MAW,2-24:45,1996
66,2161,Leonid Shvetsov,RUS,2-24:49,1996
67,1107,Eddy Hellebuyck,BEL,2-25:04,1996
68,2484,Ahmed Adam Salah,SUD,2-25:12,1996
69,2267,Ikaji Salum,TAN,2-25:29,1996
70,1889,Pavelas Fedorenka,LTU,2-25:41,1996
71,2031,Miguel Mallqui,PER,2-25:56,1996
72,1660,Ethel Hudzon,INA,2-26:02,1996
73,1161,Diamantino dos Santos,BRA,2-26:53,1996
74,1978,Tika Bogati,NEP,2-27:04,1996
75,2291,Ronnie Holassie,TTO,2-27:20,1996
76,1963,Joseph Tjitunga,NAM,2-27:52,1996
77,1922,Valeriu Vlas,MDA,2-28:36,1996
78,2263,Daniel Sibandze,SWZ,2-28:49,1996
79,2325,Waldemar Cotelo,URU,2-28:50,1996
80,1184,Petko Stefanov,BUL,2-29:06,1996
81,1392,Abebe Mekonnen,ETH,2-29:45,1996
82,1623,Luis Martínez,GUA,2-29:55,1996
83,2024,Sean Wade,NZL,2-30:35,1996
84,1899,Abderrahim Ben Redouane,MAR,2-30:49,1996
85,2000,Abdou Manzo,NIG,2-30:57,1996
86,1220,Marcelo Barrientos,CHI,2-31:05,1996
87,1013,Toni Bernadó,AND,2-31:28,1996
88,1870,Adel Adili,LBA,2-32:12,1996
89,2424,Carlos Tarazona,VEN,2-32:35,1996
90,1099,Tharcisse Gashaka,BDI,2-32:55,1996
91,1138,Policarpio Calizaya,BOL,2-33:08,1996
92,2266,Simon Qamunga,TAN,2-33:11,1996
93,1760,Kenjiro Jitsui,JPN,2-33:27,1996
94,1260,António Carlos Piña,CPV,2-34:13,1996
95,2426,Pamenos Ballantyne,VIN,2-34:16,1996
96,2447,Kaleka Mutoke,COD,2-34:40,1996
97,3120,Ernest Ndissipou,CAF,2-35:55,1996
98,1906,Ali Ettounsi,MAR,2-36:01,1996
99,1964,William Aguirre,NCA,2-37:02,1996
100,2035,Roy Vence,PHI,2-37:10,1996
101,2437,Mohamed Al-Saadi,YEM,2-40:41,1996
102,1250,Julio Hernández,COL,2-41:56,1996
103,1945,Ajay Chuttoo,MRI,2-42:07,1996
104,1733,Nils Antonio,JAM,2-44:10,1996
105,1191,To Rithya,CAM,2-47:01,1996
106,2086,Máximo Oliveras,PUR,2-47:15,1996
107,1121,Islam Ðugum,BIH,2-47:38,1996
108,1691,Marlon Williams,ISV,2-48:26,1996
109,1123,Eugène Muslar,BIZ,2-51:41,1996
110,2210,Abdi Isak,SOM,2-59:55,1996
111,1002,Abdul Baser Wasiqi,AFG,4-24:17,1996
DNF,1396,Tumo Turbo,ETH,-,1996
DNF,2171,Patrick Ishyaka,RWA,-,1996
DNF,1390,Belayneh Dinsamo,ETH,-,1996
DNF,1024,Antonio Silio,ARG,-,1996
DNF,1898,Victor Razafindrakoto,MAD,-,1996
DNF,1893,Česlovas Kundrotas,LTU,-,1996
DNF,1545,Stephan Freigang,GER,-,1996
DNF,2268,Julius Sumaye,TAN,-,1996
DNF,1142,Benjamin Keleketu,BOT,-,1996
DNF,1895,Dainius Virbickas,LTU,-,1996
DNF,1410,Risto Ulmala,FIN,-,1996
DNF,1319,Omar Moussa,DJI,-,1996
DNF,1830,Kim Wan-Gi,KOR,-,1996
1,1651,Gezahegne Abera,ETH,2-10:11,2000
2,2394,Eric Wainaina,KEN,2-10:31,2000
3,1663,Tesfaye Tola,ETH,2-11:10,2000
4,1780,Jon Brown,GBR,2-11:17,2000
5,2202,Giacomo Leone,ITA,2-12:14,2000
6,1582,Martín Fiz,ESP,2-13:06,2000
7,2520,Abdel Kader El-Mouaziz,MAR,2-13:49,2000
8,1735,Mohamed Ouaadi,FRA,2-14:04,2000
9,3454,Tendai Chimusasa,ZIM,2-14:19,2000
10,1080,Steve Moneghetti,AUS,2-14:50,2000
11,2761,António Pinto,POR,2-15:17,2000
12,2851,Hendrick Ramaala,RSA,2-16:19,2000
13,2614,Kamiel Maase,NED,2-16:24,2000
14,1551,Silvio Guerra,ECU,2-16:27,2000
15,2990,Mathias Ntawulikura,RWA,2-16:39,2000
16,2480,Thabiso Moqhali,LES,2-16:43,2000
17,1029,João N'Tyamba,ANG,2-16:43,2000
18,2749,Domingos Castro,POR,2-16:52,2000
19,1787,Keith Cullen,GBR,2-16:59,2000
20,2854,Josia Thugwane,RSA,2-16:59,2000
21,2310,Shinji Kawashima,JPN,2-17:21,2000
22,1652,Simretu Alemayehu,ETH,2-17:21,2000
23,1014,Kamel Kohil,ALG,2-17:46,2000
24,2418,Lee Bong-Ju,KOR,2-17:57,2000
25,2618,Greg van Hest,NED,2-18:00,2000
26,2881,Pavel Kokin,RUS,2-18:02,2000
27,2556,Andrés Espinosa,MEX,2-18:02,2000
28,1096,Rod de Highden,AUS,2-18:04,2000
29,2783,Kim Jung-Won,PRK,2-18:04,2000
30,2782,Kim Jong-Chol,PRK,2-18:04,2000
31,3420,Pamenos Ballantyne,VIN,2-19:08,2000
32,3160,Ronnie Holassie,TTO,2-19:24,2000
33,1144,Michael Buchleitner,AUT,2-19:26,2000
34,2875,Dmitry Kapitonov,RUS,2-19:38,2000
35,1646,Pavel Loskutov,EST,2-19:41,2000
36,3072,Viktor Röthlin,SUI,2-20:06,2000
37,1868,Michael Fietz,GER,2-20:09,2000
38,3174,Tahar Mansouri,TUN,2-20:33,2000
39,1442,José Luis Molina,CRC,2-20:37,2000
40,3417,Carlos Tarazona,VEN,2-20:39,2000
41,2316,Nobuyuki Sato,JPN,2-20:52,2000
42,1591,Alberto Juzdado,ESP,2-21:18,2000
43,2845,Johannes Maremane,RSA,2-21:25,2000
44,1317,Bruce Deacon,CAN,2-21:38,2000
45,2416,Jeong Nam-Gyun,KOR,2-22:23,2000
46,3249,Néstor García,URU,2-22:30,2000
47,1556,Ahmed Abdel Mougod Soliman,EGY,2-22:47,2000
48,2605,Lucketz Swartbooi,NAM,2-22:55,2000
49,1027,Toni Bernadó,AND,2-23:03,2000
50,2758,Luís Novo,POR,2-23:04,2000
51,3115,Lucky Willie Bhembe,SWZ,2-23:38,2000
52,2518,Boubker El-Afoui,MAR,2-23:53,2000
53,1564,Abel Antón,ESP,2-24:04,2000
54,1865,Carsten Eich,GER,2-24:11,2000
55,2548,Valeriu Vlas,MDA,2-24:35,2000
56,1816,Mark Steinle,GBR,2-24:42,2000
57,3189,Alex Malinga,UGA,2-24:53,2000
58,1035,Óscar Cortínez,ARG,2-25:01,2000
59,2781,Kil Jae-Son,PRK,2-25:13,2000
60,1287,Petko Stefanov,BUL,2-26:24,2000
61,3119,Zebedayo Bayo,TAN,2-26:24,2000
62,3022,Roman Kejžar,SLO,2-26:38,2000
63,1959,Panagiotis Charamis,GRE,2-26:55,2000
64,2563,Benjamín Paredes,MEX,2-27:17,2000
65,2415,Baek Seung-Do,KOR,2-28:25,2000
66,1091,Lee Troop,AUS,2-29:32,2000
67,1440,António Carlos Piña,CPV,2-29:46,2000
68,3144,Sergey Zabavskiy,TJK,2-30:29,2000
69,3267,Rod DeHaven,USA,2-30:46,2000
70,2406,Nazirdin Alikbekov,KGZ,2-31:26,2000
71,2119,Calisto da Costa,IOA,2-33:11,2000
72,1251,Marco Condori,BOL,2-34:11,2000
73,3046,Sarath Prasanna Gamage,SRI,2-34:39,2000
74,3041,Gian Luigi Macina,SMR,2-35:42,2000
75,1263,Vanderlei de Lima,BRA,2-37:08,2000
76,1217,Željko Petrović,BIH,2-38:29,2000
77,1256,Tiyapo Maso,BOT,2-38:53,2000
78,1215,Ðuro Kodžo,BIH,2-39:14,2000
79,3416,José Alejandro Semprún,VEN,3-00:02,2000
80,1308,To Rithya,CAM,3-03:56,2000
81,1768,Elias Rodriguez,FSM,3-09:14,2000
DNF,2806,Rashid Jamal,QAT,-,2000
DNF,2305,Takayuki Inubushi,JPN,-,2000
DNF,3095,Róbert Štefko,SVK,-,2000
DNF,2468,Adel Adili,LBA,-,2000
DNF,3121,Angelo Simon,TAN,-,2000
DNF,1709,Abdellah Béhar,FRA,-,2000
DNF,1421,Willy Kalombo,COD,-,2000
DNF,1262,Éder Fialho,BRA,-,2000
DNF,1271,Osmiro Silva,BRA,-,2000
DNF,1425,José Alirio Carrasco,COL,-,2000
DNF,1047,Richard Rodriguez,ARU,-,2000
DNF,2207,Vincenzo Modica,ITA,-,2000
DNF,1197,Patrick Ndayisenga,BDI,-,2000
DNF,2371,Kenneth Cheruiyot,KEN,-,2000
DNF,2707,Piotr Gładki,POL,-,2000
DNF,2182,Stefano Baldini,ITA,-,2000
DNF,1545,Omar Daher Gadid,DJI,-,2000
DNF,2385,Elijah Lagat,KEN,-,2000
DNF,3120,Fokasi Wilbrod,TAN,-,2000
1,2157,Stefano Baldini,ITA,2-10:55,2004
2,3295,Meb Keflezighi,USA,2-11:29,2004
3,1234,Vanderlei de Lima,BRA,2-12:11,2004
4,1791,Jon Brown,GBR,2-12:26,2004
5,2263,Shigeru Aburaya,JPN,2-13:11,2004
6,2291,Toshinari Suwa,JPN,2-13:24,2004
7,2361,Eric Wainaina,KEN,2-13:30,2004
8,2722,Alberto Chaíça,POR,2-14:17,2004
9,2174,Alberico Di Cecco,ITA,2-14:34,2004
10,2359,Paul Tergat,KEN,2-14:45,2004
11,2474,Jaouad Gharib,MAR,2-15:12,2004
12,3247,Alan Culpepper,USA,2-15:26,2004
13,2941,Leonid Shvetsov,RUS,2-15:28,2004
14,2383,Lee Bong-Ju,KOR,2-15:33,2004
15,1679,Ambesse Tolosa,ETH,2-15:39,2004
16,2842,Gert Thys,RSA,2-16:08,2004
17,2379,Ji Yeong-Jun,KOR,2-16:14,2004
18,1612,Toni Peña,ESP,2-16:38,2004
19,2967,Georgy Andreyev,RUS,2-16:55,2004
20,2148,Haile Satayin,ISR,2-17:25,2004
21,2643,Jonathan Wyatt,NZL,2-17:45,2004
22,1687,Janne Holmén,FIN,2-17:50,2004
23,1833,Dan Robinson,GBR,2-17:53,2004
24,2009,Nikos Polias,GRE,2-17:56,2004
25,1217,Ndabili Bashingili,BOT,2-18:09,2004
26,1641,Pavel Loskutov,EST,2-18:09,2004
27,1620,José Ríos,ESP,2-18:40,2004
28,1095,Lee Troop,AUS,2-18:46,2004
29,1103,Michael Buchleitner,AUT,2-19:19,2004
30,3031,Anuradha Cooray,SRI,2-19:24,2004
31,1360,Li Zhuhong,CHN,2-19:26,2004
32,1142,Joachim Nshimirimana,BDI,2-19:31,2004
33,2641,Dale Warrander,NZL,2-19:42,2004
34,2670,Waldemar Glinka,POL,2-19:43,2004
35,2758,Jong Myong-Chol,PRK,2-19:47,2004
36,1751,El Hassan Lahssini,FRA,2-19:50,2004
37,2662,Michał Bartoszak,POL,2-20:20,2004
38,2770,Ahmed Jumaa Jaber,QAT,2-20:27,2004
39,2433,Ali Mabrouk El-Zaidi,LBA,2-20:31,2004
40,3094,Samson Ramadhani,TAN,2-20:38,2004
41,2388,Lee Myeong-Seung,KOR,2-21:01,2004
42,2273,Tomoaki Kunichika,JPN,2-21:13,2004
43,1412,José Alirio Carrasco,COL,2-21:14,2004
44,1299,Ernest Ndissipou,CAF,2-21:23,2004
45,1064,Nick Harrison,AUS,2-21:42,2004
46,1678,Tereje Wodajo,ETH,2-21:53,2004
47,1476,Aguelmis Rojas,CUB,2-21:59,2004
48,3404,Abel Chimukoko,ZIM,2-22:09,2004
49,1011,Saïd Belhout,ALG,2-22:32,2004
50,1827,Matt O'Dowd,GBR,2-22:37,2004
51,1411,Juan Carlos Cardona,COL,2-22:49,2004
52,2163,Daniele Caimmi,ITA,2-23:07,2004
53,1031,João N'Tyamba,ANG,2-23:26,2004
54,3012,Roman Kejžar,SLO,2-23:34,2004
55,2513,Procopio Franco,MEX,2-23:34,2004
56,3112,Wu Wen-Chien,TPE,2-23:54,2004
57,1029,Toni Bernadó,AND,2-23:55,2004
58,1619,Julio Rey,ESP,2-24:54,2004
59,2149,Asaf Bimro,ISR,2-25:20,2004
60,1053,Sisay Bezabeh,AUS,2-25:26,2004
61,1542,Silvio Guerra,ECU,2-25:29,2004
62,2978,Mathias Ntawulikura,RWA,2-26:05,2004
63,1516,Róbert Štefko,CZE,2-27:12,2004
64,2041,José Amado García,GUA,2-27:13,2004
65,3235,Dan Browne,USA,2-27:17,2004
66,1345,Han Gang,CHN,2-27:31,2004
67,2654,Eduardo Buenavista,PHI,2-28:18,2004
68,1735,Driss El Himer,FRA,2-29:07,2004
69,2510,Andrés Espinosa,MEX,2-29:43,2004
70,2438,Mpesela Ntlot'soeu,LES,2-30:19,2004
71,1549,Franklin Tenorio,ECU,2-31:12,2004
72,2522,José Ernani Palalia,MEX,2-31:41,2004
73,2864,Dmitry Burmakin,RUS,2-31:51,2004
74,2448,Mindaugas Pukštas,LTU,2-33:02,2004
75,2538,Bat-Ochiryn Ser-Od,MGL,2-33:24,2004
76,1390,Zhu Ronghua,CHN,2-34:02,2004
77,2045,Alfredo Arévalo,GUA,2-34:02,2004
78,1426,António Carlos Piña,CPV,2-36:22,2004
79,2373,Valery Pisarev,KGZ,2-40:10,2004
80,2436,Zepherinus Joseph,LCA,2-44:19,2004
81,3065,Marcel Matanin,SVK,2-50:26,2004
DNF,2834,Hendrick Ramaala,RSA,-,2004
DNF,3089,Zebedayo Bayo,TAN,-,2004
DNF,1670,Hailu Negussie,ETH,-,2004
DNF,3052,Viktor Röthlin,SUI,-,2004
DNF,1270,Riyadh Al-Mustafa,BRN,-,2004
DNF,1259,Rômulo Wagner,BRA,-,2004
DNF,2841,Ian Syster,RSA,-,2004
DNF,2061,Zsolt Bácskai,HUN,-,2004
DNF,1191,Azat Rakipau,BLR,-,2004
DNF,3164,Dmytro Baranovskyi,UKR,-,2004
DNF,2473,Rachid El-Ghanmouni,MAR,-,2004
DNF,1026,Rachid Ziar,ALG,-,2004
DNF,1012,Mustapha Bennacer,ALG,-,2004
DNF,1257,André Luiz Ramos,BRA,-,2004
DNF,3392,Luis Fonseca,VEN,-,2004
DNF,2468,Khalid El-Boumlili,MAR,-,2004
DNF,3093,John Nada Saya,TAN,-,2004
DNF,3108,Gil da Cruz,TLS,-,2004
DNF,1711,Jussi Utriainen,FIN,-,2004
DNF,1137,Jean-Paul Gahimbaré,BDI,-,2004
DNS,269,Luc Krotwaar,NED,-,2004
1,2263,Sammy Wanjiru,KEN,2-06:32,2008
2,2391,Jaouad Gharib,MAR,2-07:16,2008
3,1651,Tsegaye Kebede,ETH,2-10:00,2008
4,1650,Deriba Merga,ETH,2-10:21,2008
5,2261,Martin Lel,KEN,2-10:24,2008
6,2926,Viktor Röthlin,SUI,2-10:35,2008
7,1652,Gashaw Asfaw,ETH,2-10:52,2008
8,1575,Yared Asmerom,ERI,2-11:11,2008
9,3224,Dathan Ritzenhein,USA,2-11:59,2008
10,3174,Ryan Hall,USA,2-12:33,2008
11,3318,Mike Fokoroni,ZIM,2-13:17,2008
12,2085,Stefano Baldini,ITA,2-13:25,2008
13,2203,Tsuyoshi Ogata,JPN,2-13:26,2008
14,2832,Georgy Andreyev,RUS,2-13:33,2008
15,2125,Ruggero Pertile,ITA,2-13:39,2008
16,1608,José Manuel Martínez,ESP,2-14:00,2008
17,1690,Francis Kirwa,FIN,2-14:22,2008
18,2310,Lee Myeong-Seung,KOR,2-14:37,2008
19,1686,Janne Holmén,FIN,2-14:44,2008
20,2394,Abderrahim Goumri,MAR,2-15:00,2008
21,2834,Aleksey Sokolov,RUS,2-15:57,2008
22,3231,Brian Sell,USA,2-16:07,2008
23,2108,Ottaviano Andriani,ITA,2-16:10,2008
24,1828,Dan Robinson,GBR,2-16:14,2008
25,1329,Deng Haiyang,CHN,2-16:17,2008
26,2405,Abderrahhime Bouramdane,MAR,2-17:42,2008
27,3122,Vasyl Matviychuk,UKR,2-17:50,2008
28,2304,Lee Bong-Ju,KOR,2-17:56,2008
29,2836,Oleg Kulkov,RUS,2-18:11,2008
30,2645,Paulo Gomes,POR,2-18:15,2008
31,3052,Alex Malinga,UGA,2-18:26,2008
32,2455,Carlos Cordero,MEX,2-18:40,2008
33,2676,Ri Kum-Song,PRK,2-19:08,2008
34,2629,Henryk Szost,POL,2-19:43,2008
35,1973,José Amado García,GUA,2-20:15,2008
36,1569,Yonas Kifle,ERI,2-20:23,2008
37,1261,Nasar Sakar Saeed,BRN,2-20:24,2008
38,1232,José de Souza,BRA,2-20:25,2008
39,2494,Kamiel Maase,NED,2-20:30,2008
40,2674,Pak Song-Chol,PRK,2-21:16,2008
41,2428,Iaroslav Musinschi,MDA,2-21:18,2008
42,2675,Kim Il-Nam,PRK,2-21:51,2008
43,1417,Juan Carlos Cardona,COL,2-21:57,2008
44,2730,Hendrick Ramaala,RSA,2-22:43,2008
45,2501,Arjun Kumar Basnet,NEP,2-23:09,2008
46,2646,Hélder Ornelas,POR,2-23:20,2008
47,2437,Procopio Franco,MEX,2-23:24,2008
48,1433,Nelson Cruz,CPV,2-23:47,2008
49,1325,Roberto Echeverría,CHI,2-23:54,2008
50,2303,Kim I-Yong,KOR,2-23:57,2008
51,1336,Li Zhuhong,CHN,2-24:08,2008
52,2457,Bat-Ochiryn Ser-Od,MGL,2-24:19,2008
53,2739,Norman Dlomo,RSA,2-24:28,2008
54,2612,Arkadiusz Sowa,POL,2-24:48,2008
55,2969,Samson Ramadhani,TAN,2-25:03,2008
56,1205,Ndabili Bashingili,BOT,2-25:11,2008
57,1754,Simon Munyutu,FRA,2-25:50,2008
58,1022,Toni Bernadó,AND,2-26:29,2008
59,3001,Wu Wen-Chien,TPE,2-26:55,2008
60,1057,Lee Troop,AUS,2-27:17,2008
61,2559,Constantino León,PER,2-28:04,2008
62,2467,Goran Stojiljković,MNE,2-28:14,2008
63,1974,Alfredo Arévalo,GUA,2-28:26,2008
64,2696,Yousuf Othman Qader,QAT,2-28:40,2008
65,1551,Franklin Tenorio,ECU,2-29:05,2008
66,2440,Francisco Bautista,MEX,2-29:28,2008
67,2875,Roman Kejžar,SLO,2-29:37,2008
68,1110,Joachim Nshimirimana,BDI,2-29:55,2008
69,2063,Haile Satayin,ISR,2-30:07,2008
70,2227,Takhir Mamashayev,KAZ,2-30:26,2008
71,3038,Abdil Ceylan,TUR,2-31:43,2008
72,1628,José Ríos,ESP,2-32:35,2008
73,1284,Hem Bunting,CAM,2-33:32,2008
74,2360,Marcel Tschopp,LIE,2-35:06,2008
75,1642,Pavel Loskutov,EST,2-39:01,2008
76,2205,Atsushi Sato,JPN,2-41:08,2008
DNF,1567,Tesfayohannes Mesfin,ERI,-,2008
DNF,1627,Julio Rey,ESP,-,2008
DNF,2043,Martin Fagan,IRL,-,2008
DNF,1260,Riyadh Al-Mustafa,BRN,-,2008
DNF,2346,Ali Mabrouk El-Zaidi,LBA,-,2008
DNF,1235,Marílson dos Santos,BRA,-,2008
DNF,2271,Luke Kibet,KEN,-,2008
DNF,1259,Abdelhak Zakaria,BRN,-,2008
DNF,3306,Luis Fonseca,VEN,-,2008
DNF,3092,Oleksandr Kuzin,UKR,-,2008
DNF,1227,Franck Caldeira,BRA,-,2008
DNF,1189,Andrei Hardseyeu,BLR,-,2008
DNF,1023,João N'Tyamba,ANG,-,2008
DNF,2355,Moses Mosuhli,LES,-,2008
DNF,2974,Getuli Bayo,TAN,-,2008
DNF,2689,Mubarak Shami,QAT,-,2008
DNF,2357,Simon Maine,LES,-,2008
DNF,2356,Clement Lebopo,LES,-,2008
DNF,3112,Oleksandr Sitkovskyi,UKR,-,2008
DNS,2968,Mohamed Ikoki Msanduki,TAN,-,2008
DNS,2204,Satoshi Oosaki,JPN,-,2008
DNS,2997,Augusto Soares,TLS,-,2008
1,3113,Stephen Kiprotich,UGA,2-08:01,2012
2,2304,Abel Kirui,KEN,2-08:27,2012
3,2302,Wilson Kipsang Kiprotich,KEN,2-09:37,2012
4,3225,Meb Keflezighi,USA,2-11:06,2012
5,1226,Marílson dos Santos,BRA,2-11:10,2012
6,2230,Kentaro Nakamoto,JPN,2-11:16,2012
7,3368,Cuthbert Nyasango,ZIM,2-12:08,2012
8,1229,Paulo Roberto de Paula,BRA,2-12:17,2012
9,2672,Henryk Szost,POL,2-12:28,2012
10,2139,Ruggero Pertile,ITA,2-12:45,2012
11,2971,Viktor Röthlin,SUI,2-12:48,2012
12,3147,Oleksandr Sitkovskyi,UKR,2-12:56,2012
13,1222,Franck Caldeira,BRA,2-13:35,2012
14,2824,Aleksey Reunkov,RUS,2-13:49,2012
15,3367,Wirimai Juwawo,ZIM,2-14:09,2012
16,1059,Michael Shelley,AUS,2-14:10,2012
17,2315,Emmanuel Kipchirchir Mutai,KEN,2-14:49,2012
18,2457,Rachid Kisri,MAR,2-15:09,2012
19,1593,Yared Asmerom,ERI,2-15:24,2012
20,1304,Dylan Wykes,CAN,2-15:26,2012
21,2629,Raúl Pacheco,PER,2-15:35,2012
22,1288,Eric Gillis,CAN,2-16:00,2012
23,2825,Dmitry Safronov,RUS,2-16:04,2012
24,1615,Carles Castillejo,ESP,2-16:17,2012
25,2484,Iaroslav Musinschi,MDA,2-16:25,2012
26,2760,Marius Ionescu,ROU,2-16:28,2012
27,1285,Reid Coolsaet,CAN,2-16:29,2012
28,1041,Martin Dent,AUS,2-16:29,2012
29,3146,Vitaliy Shafar,UKR,2-16:36,2012
30,1822,Lee Merrien,GBR,2-17:00,2012
31,1613,Ignacio Cáceres,ESP,2-17:11,2012
32,2358,Lee Du-Haeng,KOR,2-17:19,2012
33,3015,Faustine Mussa,TAN,2-17:39,2012
34,1620,José Carlos Hernández,ESP,2-17:48,2012
35,1019,Miguel Ángel Bárzola,ARG,2-17:54,2012
36,2594,Urige Buta,NOR,2-17:58,2012
37,2800,Georgy Andreyev,RUS,2-18:20,2012
38,2014,José Amado García,GUA,2-18:23,2012
39,2507,Daniel Vargas,MEX,2-18:26,2012
40,2242,Ryo Yamamoto,JPN,2-18:34,2012
41,1548,Jesper Faurschou,DEN,2-18:44,2012
42,2117,Kári Steinn Karlsson,ISL,2-18:47,2012
43,2777,Lusapho April,RSA,2-19:00,2012
44,2480,Mike Tebulo,MAW,2-19:11,2012
45,2222,Arata Fujiwara,JPN,2-19:11,2012
46,2929,Primož Kobe,SLO,2-19:28,2012
47,2079,Guor Marial,IOA,2-19:32,2012
48,2709,Luís Feiteira,POR,2-19:40,2012
49,2786,Stephen Mokoka,RSA,2-19:52,2012
50,1570,Miguel Almachi,ECU,2-19:53,2012
51,2515,Bat-Ochiryn Ser-Od,MGL,2-20:10,2012
52,2736,Pak Song-Chol,PRK,2-20:20,2012
53,2735,Kim Kwang-Hyok,PRK,2-20:20,2012
54,1348,Dong Guojian,CHN,2-20:39,2012
55,2962,Anuradha Cooray,SRI,2-20:41,2012
56,2216,Methkal Abu Drais,JOR,2-21:00,2012
57,2096,Mark Kenneally,IRL,2-21:13,2012
58,1596,Yonas Kifle,ERI,2-21:25,2012
59,3123,Ivan Babaryka,UKR,2-21:52,2012
60,2496,Carlos Cordero,MEX,2-22:08,2012
61,1828,Scott Overall,GBR,2-22:37,2012
62,3348,Pedro Mora,VEN,2-22:40,2012
63,1047,Jeff Hunt,AUS,2-22:59,2012
64,1167,Stsiapan Rahautsou,BLR,2-23:23,2012
65,1449,César Lizano,CRC,2-24:16,2012
66,3016,Samson Ramadhani,TAN,2-24:53,2012
67,1517,Jan Kreisinger,CZE,2-25:03,2012
68,2753,Mohammed Abduh Bakhet,QAT,2-25:17,2012
69,1731,Jussi Utriainen,FIN,2-26:25,2012
70,2500,Arturo Malaquias,MEX,2-26:37,2012
71,3066,Wissem Hosni,TUN,2-26:43,2012
72,2045,Tamás Kovács,HUN,2-27:48,2012
73,2351,Jang Sin-Gwon,KOR,2-28:20,2012
74,1012,Toni Bernadó,AND,2-28:34,2012
75,2423,Marcel Tschopp,LIE,2-28:54,2012
76,3076,Bekir Karayel,TUR,2-29:38,2012
77,3030,Chang Chia-Che,TPE,2-29:58,2012
78,2070,Ram Singh Yadav,IND,2-30:06,2012
79,2905,Jean-Pierre Mvuyekure,RWA,2-30:19,2012
80,1985,Kostas Poulios,GRE,2-33:17,2012
81,2121,Zohar Zemiro,ISR,2-34:59,2012
82,2352,Jeong Jin-Hyeok,KOR,2-38:45,2012
83,1412,Juan Carlos Cardona,COL,2-40:13,2012
84,3026,Augusto Soares,TLS,2-45:09,2012
85,2419,Tsepo Ramonene,LES,2-55:54,2012
DNF,1676,Ayele Abshero,ETH,-,2012
DNF,2788,Coolboy Ngamole,RSA,-,2012
DNF,1354,Li Zicheng,CHN,-,2012
DNF,2953,Darko Živanović,SRB,-,2012
DNF,1407,Ilunga Zatara,COD,-,2012
DNF,1761,Abdellatif Meftah,FRA,-,2012
DNF,1692,Dino Sefer,ETH,-,2012
DNF,1007,Tayeb Filali,ALG,-,2012
DNF,2485,Roman Prodius,MDA,-,2012
DNF,2717,Rui Pedro Silva,POR,-,2012
DNF,1684,Getu Feleke,ETH,-,2012
DNF,1602,Samuel Tsegay,ERI,-,2012
DNF,3203,Abdi Abdirahman,USA,-,2012
DNF,1768,Patrick Tambwé,FRA,-,2012
DNF,3219,Ryan Hall,USA,-,2012
DNF,1756,Abraham Kiprotich,FRA,-,2012
DNF,2409,Ali Mabrouk El-Zaidi,LBA,-,2012
DNF,1089,Günther Weidlinger,AUT,-,2012
DNF,2397,Valērijs Žolnerovičs,LAT,-,2012
DQ,2451,Abderrahhime Bouramdane,MAR,-,2012
1,2680,Eliud Kipchoge,KEN,2-08:44,2016
2,2398,Feyisa Lilesa,ETH,2-09:54,2016
3,3097,Galen Rupp,USA,2-10:05,2016
4,2339,Ghirmay Ghebreslassie,ERI,2-11:04,2016
5,2964,Alphonce Felix Simbu,TAN,2-11:15,2016
6,3103,Jared Ward,USA,2-11:30,2016
7,2947,Tadesse Abraham,SUI,2-11:42,2016
8,3023,Munyo Solomon Mutai,UGA,2-11:49,2016
9,2459,Callum Hawkins,GBR,2-11:52,2016
10,2198,Eric Gillis,CAN,2-12:29,2016
11,2786,Abdi Nageeye,NED,2-13:01,2016
12,2314,Mumin Gala,DJI,2-13:04,2016
13,2390,Lemi Berhanu,ETH,2-13:29,2016
14,3019,Stephen Kiprotich,UGA,2-13:32,2016
15,2150,Paulo Roberto de Paula,BRA,2-13:56,2016
16,2655,Satoru Sasaki,JPN,2-13:57,2016
17,3009,Kaan Kigen Özbilen,TUR,2-14:11,2016
18,2332,Byron Piedra,ECU,2-14:12,2016
19,2804,Sondre Nordstad Moen,NOR,2-14:17,2016
20,3035,Oleksandr Sitkovskyi,UKR,2-14:24,2016
21,2342,Amanuel Mesel,ERI,2-14:37,2016
22,2096,Koen Naert,BEL,2-14:53,2016
23,2195,Reid Coolsaet,CAN,2-14:58,2016
24,2892,Lusapho April,RSA,2-15:24,2016
25,2559,Thonakal Gopi,IND,2-15:25,2016
26,2567,Kheta Ram,IND,2-15:26,2016
27,2868,Pak Chol,PRK,2-15:27,2016
28,2060,Evans Kiplagat,AZE,2-15:31,2016
29,2223,Dong Guojian,CHN,2-15:32,2016
30,3031,Ihor Olefirenko,UKR,2-15:36,2016
31,2030,Liam Adams,AUS,2-16:12,2016
32,2584,Paul Pollock,IRL,2-16:24,2016
33,3079,Meb Keflezighi,USA,2-16:46,2016
34,2940,Anuradha Cooray,SRI,2-17:06,2016
35,2313,Abdi Ulad,DEN,2-17:06,2016
36,2641,Suehiro Ishikawa,JPN,2-17:08,2016
37,2888,Marius Ionescu,ROU,2-17:27,2016
38,2605,Ruggero Pertile,ITA,2-17:30,2016
39,2838,Artur Kozłowski,POL,2-17:34,2016
40,3040,Nicolás Cuestas,URU,2-17:44,2016
41,3128,Pardon Ndhlovu,ZIM,2-17:48,2016
42,2218,Víctor Aravena,CHI,2-17:49,2016
43,2963,Saidi Juma Makula,TAN,2-17:49,2016
44,2091,Florent Caelen,BEL,2-17:59,2016
45,2821,Raúl Machacuay,PER,2-18:00,2016
46,2281,Richer Pérez,CUB,2-18:05,2016
47,2050,Michael Shelley,AUS,2-18:06,2016
48,3033,Ihor Russ,UKR,2-18:19,2016
49,2352,Carles Castillejo,ESP,2-18:34,2016
50,3043,Andrés Zamora,URU,2-18:36,2016
51,3006,Ercan Muslu,TUR,2-18:40,2016
52,2823,Cristhian Pacheco,PER,2-18:41,2016
53,2025,Mariano Mastromarino,ARG,2-18:44,2016
54,2762,Daniel Vargas,MEX,2-18:51,2016
55,2511,Philipp Pflieger,GER,2-18:56,2016
56,2098,Willem Van Schuerbeeck,BEL,2-18:56,2016
57,2601,Stefano La Rosa,ITA,2-18:57,2016
58,3129,Cuthbert Nyasango,ZIM,2-18:58,2016
59,2144,Marílson dos Santos,BRA,2-19:09,2016
60,2338,Tewelde Estifanos,ERI,2-19:12,2016
61,2375,Roman Fosti,EST,2-19:26,2016
62,2992,Atef Saad,TUN,2-19:50,2016
63,2384,Tiidrek Nurme,EST,2-20:01,2016
64,2585,Kevin Seaward,IRL,2-20:06,2016
65,2356,Jesús España,ESP,2-20:08,2016
66,2824,Raúl Pacheco,PER,2-20:13,2016
67,2543,Carlos Trujillo,GUA,2-20:24,2016
68,2118,Stsiapan Rahautsou,BLR,2-20:34,2016
69,2777,Mynhardt Kauanivi,NAM,2-20:45,2016
70,2494,Julian Flügel,GER,2-20:47,2016
71,2484,Daviti Kharazishvili,GEO,2-20:47,2016
72,2746,Rachid Kisri,MAR,2-21:00,2016
73,2591,Maru Teferi,ISR,2-21:06,2016
74,2734,Remigijus Kančys,LTU,2-21:10,2016
75,2949,Christian Kreienbühl,SUI,2-21:13,2016
76,2724,Mohamed Hrezi,LBA,2-21:17,2016
77,2131,Solonei da Silva,BRA,2-22:05,2016
78,2258,Andrés Ruiz,COL,2-22:09,2016
79,3018,Jackson Kiprop,UGA,2-22:09,2016
80,2054,Scott Westcott,AUS,2-22:19,2016
81,2943,Guor Marial,SSD,2-22:45,2016
82,2117,Uladzislau Pramau,BLR,2-22:48,2016
83,2571,Nitendra Singh Rawat,IND,2-22:52,2016
84,2330,Miguel Almachi,ECU,2-23:00,2016
85,2703,Ilya Tyapkin,KGZ,2-23:19,2016
86,2554,Gábor Józsa,HUN,2-23:22,2016
87,2250,Gerard Giraldo,COL,2-23:48,2016
88,2026,Luis Molina,ARG,2-23:55,2016
89,2886,Yonas Kinde,EOR,2-24:08,2016
90,2224,Duo Bujie,CHN,2-24:22,2016
91,2763,Bat-Ochiryn Ser-Od,MGL,2-24:26,2016
92,3124,Jordan Chipangama,ZAM,2-24:58,2016
93,2647,Hisanori Kitajima,JPN,2-25:11,2016
94,2730,Lebenya Nkoka,LES,2-25:13,2016
95,2241,Zhu Renxue,CHN,2-25:31,2016
96,2906,Sibusiso Nzima,RSA,2-25:33,2016
97,2219,Daniel Estrada,CHI,2-25:33,2016
98,2916,Ambroise Uwiragiye,RWA,2-25:57,2016
99,2972,Ho Chin-Ping,TPE,2-26:00,2016
100,2672,Mikhail Krasilov,KAZ,2-26:11,2016
101,2773,David Carver,MRI,2-26:16,2016
102,2582,Mick Clohisey,IRL,2-26:34,2016
103,2012,Hakim Sadi,ALG,2-26:47,2016
104,2755,Roman Prodius,MDA,2-27:01,2016
105,3119,Luis Orta,VEN,2-27:05,2016
106,2764,Dambadarjaagiin Gantulga,MGL,2-27:42,2016
107,2220,Enzo Yáñez,CHI,2-27:47,2016
108,2553,Gáspár Csere,HUN,2-28:03,2016
109,3039,Martín Cuestas,URU,2-28:10,2016
110,2732,Valdas Dopolskas,LTU,2-28:21,2016
111,2962,Fabiano Naasi,TAN,2-28:31,2016
112,2246,Kamongwa Salukombo Makorobondo,COD,2-28:54,2016
113,2460,Derek Hawkins,GBR,2-29:24,2016
114,2084,Célestin Nihorimbere,BDI,2-29:38,2016
115,2534,Christoforos Merousis,GRE,2-29:39,2016
116,2930,Anton Kosmač,SLO,2-29:48,2016
117,2542,José Amado García,GUA,2-30:11,2016
118,2939,Anđelko Rističević,SRB,2-30:17,2016
119,2760,Ricardo Ramos,MEX,2-30:20,2016
120,2590,Tasama Moogas,ISR,2-30:30,2016
121,2588,Ageze Guadie,ISR,2-30:45,2016
122,2867,Rui Pedro Silva,POR,2-30:52,2016
123,2331,Segundo Jami,ECU,2-31:07,2016
124,2249,Diego Colorado,COL,2-31:20,2016
125,3003,Bekir Karayel,TUR,2-31:27,2016
126,2890,Nicolae Soare,ROU,2-31:53,2016
127,2851,Yared Shegumo,POL,2-31:54,2016
128,2577,Mohammad Jaafar Moradi,IRI,2-31:58,2016
129,2765,Tseveenravdangiin Byambajav,MGL,2-36:14,2016
130,2708,Son Myeong-Jun,KOR,2-36:21,2016
131,2533,Michailis Kalomoiris,GRE,2-37:03,2016
132,2966,Boonthung Srisung,THA,2-37:46,2016
133,2866,Ricardo Ribas,POR,2-38:29,2016
134,2817,Jorge Castelblanco,PAN,2-39:25,2016
135,2819,Derlys Ayala,PAR,2-39:40,2016
136,2022,Federico Bruno,ARG,2-40:05,2016
137,2707,Sim Jong-Seop,KOR,2-42:42,2016
138,2187,Kuniaki Takizaki,CAM,2-45:55,2016
139,2634,Methkal Abu Drais,JOR,2-46:18,2016
DNF,2688,Wesley Korir,KEN,-,2016
DNF,2676,Stanley Biwott,KEN,-,2016
DNF,2173,Isaac Korir,BRN,-,2016
DNF,2728,Tsepo Mathibelle,LES,-,2016
DNF,2991,Wissem Hosni,TUN,-,2016
DNF,2853,Henryk Szost,POL,-,2016
DNF,2897,Lungile Gongqa,RSA,-,2016
DNF,2007,El-Hadi Laameche,ALG,-,2016
DNF,2163,Alemu Bekele,BRN,-,2016
DNF,2085,Abraham Niyonkuru,BDI,-,2016
DNF,3126,Wirimai Juwawo,ZIM,-,2016
DNF,2387,Tesfaye Abera,ETH,-,2016
DNF,2475,Tsegai Tewelde,GBR,-,2016
DNF,2604,Daniele Meucci,ITA,-,2016
DNF,3112,Andrey Petrov,UZB,-,2016
DQ,2739,Abdelmajid El-Hissouf,MAR,[2-20:29],2016
1,2776,Eliud Kipchoge,KEN,2-08:38,2020
2,3024,Abdi Nageeye,NED,2-09:58,2020
3,1188,Bashir Abdi,BEL,2-10:00,2020
4,2769,Lawrence Cherono,KEN,2-10:02,2020
5,1799,Ayad Lamdassem,ESP,2-10:16,2020
6,2707,Suguru Osako,JPN,2-10:41,2020
7,3584,Alphonce Felix Simbu,TAN,2-11:35,2020
8,3965,Galen Rupp,USA,2-11:41,2020
9,2886,Othmane El-Goumri,MAR,2-11:58,2020
10,1199,Koen Naert,BEL,2-12:13,2020
11,2884,Mohamed Reda El-Aaraby,MAR,2-12:22,2020
12,1970,Nicolas Navarro,FRA,2-12:50,2020
13,2370,Maru Teferi,ISR,2-13:02,2020
14,1749,Goitom Kifle,ERI,2-13:22,2020
15,1550,Jeisson Suárez,COL,2-13:29,2020
16,1731,Tachlowini Gabriyesos,EOR,2-14:02,2020
17,1939,Morhad Amdouni,FRA,2-14:33,2020
18,2893,Hamza Sahli,MAR,2-14:48,2020
19,1510,Yang Shaohui,CHN,2-14:58,2020
20,2425,Eyob Faniel,ITA,2-15:11,2020
21,1803,Daniel Mateo,ESP,2-15:21,2020
22,1746,Yohanes Ghebregergis,ERI,2-15:34,2020
23,1668,Abdi Ulad,DEN,2-15:50,2020
24,1075,Liam Adams,AUS,2-15:51,2020
25,2176,Richard Ringer,GER,2-16:08,2020
26,1825,Tiidrek Nurme,EST,2-16:16,2020
27,2369,Girmaw Amare,ISR,2-16:17,2020
28,3962,Jacob Riley,USA,2-16:26,2020
29,2170,Amanal Petros,GER,2-16:33,2020
30,1029,Eulalio Muñoz,ARG,2-16:35,2020
31,1498,Peng Jianhua,CHN,2-16:39,2020
32,1795,Javier Guerra,ESP,2-16:42,2020
33,3403,Elroy Gelant,RSA,2-16:43,2020
34,1750,Oqbe Kibrom Ruesom,ERI,2-16:57,2020
35,3104,Zane Robertson,NZL,2-17:04,2020
36,2368,Haimro Almaya,ISR,2-17:17,2020
37,3203,Adam Nowicki,POL,2-17:19,2020
38,1164,Olivier Irabaruta,BDI,2-17:44,2020
39,3082,Sondre Nordstad Moen,NOR,2-17:59,2020
40,3900,Abdi Abdirahman,USA,2-18:27,2020
41,2977,Tomas Hilifa Rainhold,NAM,2-18:28,2020
42,3135,Derlys Ayala,PAR,2-18:34,2020
43,3716,Fred Musobo,UGA,2-18:39,2020
44,1948,Hassan Chahdi,FRA,2-18:40,2020
45,1437,Ben Preisner,CAN,2-19:27,2020
46,2420,Yassine El-Fathaoui,ITA,2-19:44,2020
47,1428,Trevor Hofbauer,CAN,2-19:57,2020
48,2815,Sim Jong-Seop,KOR,2-20:36,2020
49,2171,Hendrik Pfeiffer,GER,2-20:43,2020
50,3709,Filex Chemongesi,UGA,2-20:53,2020
51,3663,Yavuz Ağralı,TUR,2-21:00,2020
52,1027,Joaquín Arbe,ARG,2-21:15,2020
53,2067,Chris Thompson,GBR,2-21:29,2020
54,2944,Tseveenravdangiin Byambajav,MGL,2-21:32,2020
55,2933,José Luis Santana,MEX,2-21:32,2020
56,1493,Dong Guojian,CHN,2-21:35,2020
57,2351,Kevin Seaward,IRL,2-21:45,2020
58,1197,Dieter Kersten,BEL,2-22:06,2020
59,3138,Cristhian Pacheco,PER,2-22:12,2020
60,1113,Peter Herzog,AUT,2-22:15,2020
61,2706,Shogo Nakamura,JPN,2-22:23,2020
62,3193,Arkadiusz Gardzielewski,POL,2-22:50,2020
63,3102,Malcolm Hicks,NZL,2-23:12,2020
64,2931,Juan Pacheco,MEX,2-23:41,2020
65,1096,Brett Robinson,AUS,2-24:04,2020
66,2860,Khoarahlane Seutloali,LES,2-25:03,2020
67,1823,Roman Fosti,EST,2-25:37,2020
68,1315,Paulo Roberto de Paula,BRA,2-26:08,2020
69,1666,Thijs Nijhuis,DEN,2-26:59,2020
70,2348,Paul Pollock,IRL,2-27:48,2020
71,1432,Cam Levins,CAN,2-28:43,2020
72,2691,Yuma Hattori,JPN,2-30:08,2020
73,2929,José Juan Esparza,MEX,2-31:51,2020
74,3124,Jorge Castelblanco,PAN,2-33:22,2020
75,2262,Iván Zarco,HON,2-44:36,2020
DNF,2777,Amos Kipruto,KEN,-,2020
DNF,3029,Bart van Nunen,NED,-,2020
DNF,3423,Stephen Mokoka,RSA,-,2020
DNF,1863,Lelisa Desisa,ETH,-,2020
DNF,3454,John Hakizimana,RWA,-,2020
DNF,3018,Khalid Choukoud,NED,-,2020
DNF,3188,Marcin Chabowski,POL,-,2020
DNF,2041,Ben Connor,GBR,-,2020
DNF,3422,Desmond Mokgobo,RSA,-,2020
DNF,2943,Bat-Ochiryn Ser-Od,MGL,-,2020
DNF,1316,Daniel do Nascimento,BRA,-,2020
DNF,3518,Tadesse Abraham,SUI,-,2020
DNF,2435,Yassine Rachik,ITA,-,2020
DNF,2048,Callum Hawkins,GBR,-,2020
DNF,3776,Bohdan-Ivan Horodyskyi,UKR,-,2020
DNF,3665,Polat Arıkan,TUR,-,2020
DNF,1542,Iván González,COL,-,2020
DNF,1870,Sisay Lemma,ETH,-,2020
DNF,1351,Shumi Dechasa,BRN,-,2020
DNF,3792,Mykola Nyzhnyk,UKR,-,2020
DNF,1114,Lemawork Ketema,AUT,-,2020
DNF,2350,Stephen Scullion,IRL,-,2020
DNF,2814,Oh Ju-Hwan,KOR,-,2020
DNF,1350,Alemu Bekele,BRN,-,2020
DNF,3713,Stephen Kiprotich,UGA,-,2020
DNF,3583,Gabriel Gerald Geay,TAN,-,2020
DNF,1314,Daniel Chaves,BRA,-,2020
DNF,3799,Oleksandr Sitkovskyi,UKR,-,2020
DNF,1868,Shura Kitata,ETH,-,2020
DNF,1094,Jack Rayner,AUS,-,2020
DQ,1352,El Hassan El-Abbassi,BRN,[2-15:56],2020
